Start,End
1658299051.7519064,1658299052.5683126
1658299057.5136251,1658299058.4198751
1658299065.9355001,1658299066.4120626
1667378492.6912498,1667378494.2498436
1667378496.1717186,1667378498.1131248
1667378500.1990623,1667378501.2029686
1667378501.6873436,1667378502.1209373
1667378503.0740623,1667378504.4178123
1667378505.0271873,1667378506.1053123
1667378517.054531,1667378518.320156
1683287210.5073438,1683287211.2925
1683287212.6010938,1683287212.7885938
1683287214.7885938,1683287215.4448438
1683287216.6167188,1683287217.63625
1683287228.23,1683287229.0659375
1683287230.5229688,1683287231.4135938
1683287235.2378125,1683287235.995625
1658301893.2831564,1658301894.1894064
1658301906.634719,1658301907.8495626
1576658137.7494998,1576658138.9018435
1576658142.1518435,1576658142.7768435
1576658155.2494998,1576658155.269031
1576658160.097156,1576658160.128406
1576658162.065906,1576658163.0268435
1576658165.7494998,1576658166.5932498
1576559587.3237185,1576559588.6010623
1576559592.847156,1576559594.2338748
1576559597.0541873,1576559598.2104373
1576559603.065906,1576559604.1166873
1576559607.9604373,1576559609.597156
1576559610.8276248,1576559612.2143435
1576559613.4994998,1576559614.2026248
1576579476.800281,1576579477.8354373
1576579481.112781,1576579481.7416873
1576579484.1518435,1576579485.3549685
1576579488.5737185,1576579489.9760623
1576579501.394031,1576579501.9291873
1576564149.5580935,1576564150.8862185
1576564152.612781,1576564153.6166873
1576564156.2026248,1576564156.9760623
1576564157.2299685,1576564158.1010623
1576564161.612781,1576564162.7768435
1576564172.9369998,1576564174.487781
1576566517.9760623,1576566519.144031
1576566519.8744998,1576566520.8432498
1576566521.7416873,1576566522.4526248
1576566527.7338748,1576566528.5307498
1576566532.1401248,1576566533.4057498
1576566545.0580935,1576566546.5541873
1576652423.5073123,1576652424.5893435
1576652425.0776248,1576652425.9643435
1576652428.7338748,1576652430.3705935
1576652431.8823123,1576652433.7260623
1576652435.4135623,1576652436.5932498
1667366195.2537498,1667366196.7693748
1667366201.9568748,1667366202.6834373
1667366204.445156,1667366205.8474998
1667366206.7381248,1667366207.6365623
1667366210.257656,1667366212.2342186
1667366218.2381248,1667366218.804531
1667366220.9685936,1667366221.804531
1576648966.8354373,1576648968.065906
1576648972.019031,1576648973.644031
1576648977.331531,1576648978.847156
1576648981.0619998,1576648982.9448123
1576648985.3198123,1576648986.4135623
1576578550.6791873,1576578552.8354373
1576578554.9174685,1576578555.2182498
1576578556.7182498,1576578557.7651248
1576578560.7494998,1576578561.8666873
1576578566.5893435,1576578567.7768435
1576578571.8666873,1576578573.050281
1658296292.8300314,1658296293.7245626
1576574136.7963748,1576574137.7573123
1576574138.378406,1576574138.487781
1576574138.5112185,1576574139.4955935
1576574142.7651248,1576574144.3237185
1576574151.565906,1576574152.8862185
1576574158.019031,1576574159.2182498
1683282050.3432813,1683282051.1323438
1683282052.605,1683282053.6479688
1683282055.3745313,1683282056.214375
1683282062.5307813,1683282063.4917188
1683282065.339375,1683282065.8667188
1683282067.7807813,1683282068.933125
1683282077.9096875,1683282078.5307813
1576568021.8237185,1576568022.9916873
1576568025.7924685,1576568027.4291873
1576568030.972156,1576568032.487781
1576568036.034656,1576568038.112781
1576574497.6205935,1576574498.5229373
1576574501.722156,1576574502.940906
1576574504.4916873,1576574504.5151248
1576574512.1166873,1576574513.4760623
1576574520.0073123,1576574521.1518435
1576574524.409656,1576574525.5424685
1576570118.081531,1576570119.5112185
1576570123.0307498,1576570124.0737185
1576570131.3198123,1576570132.0151248
1576570135.2885623,1576570136.6010623
1576570139.394031,1576570140.7573123
1576570146.019031,1576570146.565906
1683282325.2690625,1683282326.9057813
1683282338.9526563,1683282339.8745313
1683282340.839375,1683282341.7807813
1658298715.3573751,1658298716.3183126
1658298719.0370626,1658298719.6073751
1658298726.8183126,1658298727.7401876
1658298734.525344,1658298735.009719
1658298740.6112814,1658298741.2050314
1658299979.9394064,1658299980.9511251
1658299984.8144064,1658299985.4589376
1658299988.6151876,1658299988.837844
1658299997.3730001,1658299998.7792501
1658300000.619094,1658300001.587844
1683273560.7573438,1683273561.1128125
1683273579.5815625,1683273580.1596875
1683273587.2417188,1683273587.9917188
1667367454.3748436,1667367455.273281
1667367463.7654686,1667367465.4881248
1667367467.8162498,1667367469.4334373
1667367471.8240623,1667367472.507656
1667367472.9646873,1667367473.6834373
1667367475.8748436,1667367477.0037498
1667367480.5193748,1667367481.1717186
1576570536.8080935,1576570538.394031
1576570541.6713748,1576570542.6518435
1576570549.3979373,1576570550.1635623
1576570551.597156,1576570552.6557498
1576570562.4994998,1576570563.1635623
1576570563.7104373,1576570563.7416873
1576570565.1479373,1576570565.456531
1667370783.4529686,1667370784.2928123
1667370790.8396873,1667370791.6873436
1667370796.5193748,1667370797.820156
1667370803.054531,1667370803.913906
1667370806.960781,1667370807.5506248
1667370810.6404686,1667370812.4490623
1667377391.2849998,1667377391.6521873
1667377400.3162498,1667377401.7068748
1667377402.820156,1667377404.5662498
1667377407.3318748,1667377408.5818748
1667377411.1365623,1667377412.4881248
1658300095.1698751,1658300095.9745626
1658300098.4237814,1658300099.884719
1658300103.2636251,1658300104.2792501
1658300115.915969,1658300116.4042501
1658300120.0800314,1658300121.4980001
1658300121.509719,1658300121.7011251
1667383986.3435936,1667383988.6287498
1667383990.3748436,1667383990.976406
1667383994.1521873,1667383994.195156
1667383996.8865623,1667383998.2303123
1667384001.7615623,1667384003.382656
1667384006.554531,1667384007.429531
1667384008.7654686,1667384009.7498436
1667384010.4842186,1667384011.710781
1576561959.6049685,1576561961.2924685
1576561964.253406,1576561965.1674685
1576561968.4994998,1576561969.3119998
1576561971.628406,1576561972.5112185
1576561976.2651248,1576561977.644031
1576561984.8979373,1576561985.5932498
1667366344.992031,1667366345.601406
1667366348.7068748,1667366351.0935936
1667366351.9881248,1667366353.8904686
1667366360.5037498,1667366361.679531
1667366368.4998436,1667366370.4334373
1576563398.112781,1576563399.0619998
1683273994.7026563,1683273995.589375
1683273997.1479688,1683273998.276875
1683357994.464375,1683357995.526875
1683357996.9409375,1683357997.8276563
1683358008.0659375,1683358008.9448438
1658310655.431594,1658310657.212844
1658310665.9745626,1658310667.4550314
1658310673.509719,1658310673.8925314
1658310675.9198751,1658310676.9862814
1658310680.9823751,1658310681.5292501
1667373077.8943748,1667373078.8904686
1667373079.929531,1667373080.7185936
1667373081.695156,1667373082.7849998
1667373083.976406,1667373085.367031
1667373088.5193748,1667373088.523281
1667373088.7146873,1667373090.5310936
1576569366.7963748,1576569367.8237185
1576569370.269031,1576569370.8432498
1576569371.7338748,1576569372.0424685
1576569375.534656,1576569376.5073123
1576569379.206531,1576569380.8119998
1576569384.6713748,1576569385.6948123
1576580169.2182498,1576580169.8862185
1576580170.9604373,1576580172.1869998
1576580175.2729373,1576580176.769031
1576580179.0385623,1576580180.9174685
1576580184.8823123,1576580186.3041873
1576580189.7299685,1576580190.6362185
1576580196.0580935,1576580196.5932498
1576579962.4604373,1576579963.0932498
1576579967.8041873,1576579968.8276248
1576579971.5893435,1576579973.1166873
1576579974.8705935,1576579976.4213748
1576579977.9330935,1576579979.503406
1576579981.581531,1576579983.1674685
1667371898.8474998,1667371899.8865623
1667371904.2029686,1667371906.4568748
1667371908.7303123,1667371909.8240623
1667371914.6443748,1667371915.179531
1667371917.398281,1667371917.7459373
1667371921.0740623,1667371922.413906
1683358883.6323438,1683358884.4253125
1683358889.4370313,1683358890.1479688
1683358892.7925,1683358894.1089063
1683358896.2534375,1683358897.0815625
1683358899.4565625,1683358900.1440625
1667376334.8162498,1667376335.2068748
1667376335.242031,1667376335.2459373
1667376336.6053123,1667376338.2303123
1667376339.288906,1667376339.9412498
1667376341.8396873,1667376342.8006248
1667376347.976406,1667376348.5506248
1667376351.2185936,1667376351.570156
1667376351.585781,1667376351.788906
1667376354.3123436,1667376354.8435936
1667376361.0037498,1667376362.4842186
1658295954.572219,1658295955.3612814
1658295966.3573751,1658295967.228469
1658295970.1776876,1658295970.384719
1658295981.4120626,1658295982.728469
1667375642.6912498,1667375643.5271873
1667375645.4099998,1667375646.3474998
1667375648.3123436,1667375649.1404686
1667375650.7185936,1667375650.8396873
1667375650.8904686,1667375650.8943748
1667375650.9568748,1667375652.4021873
1667375654.1131248,1667375654.695156
1667375657.4178123,1667375657.9881248
1667375669.4685936,1667375670.1912498
1667375671.398281,1667375672.413906
1667374682.8162498,1667374684.7068748
1667374690.1209373,1667374690.8592186
1667374693.2615623,1667374693.6717186
1667374703.5662498,1667374704.2967186
1667374706.7615623,1667374708.5623436
1667373033.7381248,1667373034.4217186
1667373034.5115623,1667373034.523281
1667373034.648281,1667373035.2967186
1667373038.3474998,1667373039.4099998
1667373040.2498436,1667373040.9724998
1667373061.5506248,1667373062.4881248
1683347439.3432813,1683347440.0073438
1683347448.1792188,1683347448.9448438
1683258922.1010938,1683258922.7925
1683258926.4760938,1683258926.5425
1683258935.4760938,1683258936.5971875
1683258938.1128125,1683258939.2260938
1683258939.8823438,1683258939.9409375
1658298899.3456564,1658298900.1386251
1658298911.962844,1658298912.5175314
1658298914.9042501,1658298915.2362814
1658298916.0644064,1658298916.8769064
1658298919.8730001,1658298921.4237814
1683363654.4096875,1683363654.9370313
1683363658.2885938,1683363658.776875
1683363666.214375,1683363667.0307813
1658302226.556594,1658302226.7948751
1658302231.1151876,1658302231.8183126
1658302231.9120626,1658302232.0331564
1658302234.9745626,1658302235.9120626
1658302247.8886251,1658302248.837844
1667384495.8474998,1667384497.6131248
1667384499.6873436,1667384501.1834373
1667384503.7615623,1667384504.773281
1667384505.4998436,1667384505.5349998
1667384509.2068748,1667384510.4685936
1667384512.8162498,1667384513.5584373
1667384513.7146873,1667384513.913906
1667384513.9256248,1667384514.3904686
1667384518.4881248,1667384519.2498436
1658309701.0917501,1658309701.9862814
1658309705.712844,1658309706.275344
1658309716.1894064,1658309716.962844
1658309720.5800314,1658309721.6073751
1683259855.683125,1683259856.526875
1683259859.058125,1683259859.964375
1658323586.0214376,1658323587.134719
1658323603.6112814,1658323604.7636251
1658323606.8456564,1658323608.8183126
1658323610.7167501,1658323611.7089376
1658323612.494094,1658323612.7792501
1576562888.6205935,1576562889.5737185
1576562889.7182498,1576562889.815906
1576562893.394031,1576562894.2026248
1576562896.8823123,1576562897.9213748
1576562907.7963748,1576562908.2026248
1576562910.9643435,1576562912.597156
1576562915.190906,1576562916.081531
1658307867.8105001,1658307868.556594
1658307887.3456564,1658307889.3456564
1576573872.7729373,1576573873.690906
1576573875.8823123,1576573876.4916873
1576573879.7885623,1576573881.1674685
1576573886.4643435,1576573887.4682498
1576573890.8198123,1576573892.5619998
1576573895.2494998,1576573896.4760623
1576566458.3549685,1576566458.581531
1576566461.8198123,1576566463.425281
1576566464.7768435,1576566465.5463748
1576566470.0619998,1576566471.4369998
1576566472.3393435,1576566473.2338748
1576566473.6948123,1576566474.9799685
1576566475.7651248,1576566476.440906
1576566478.5073123,1576566479.9448123
1667372373.2381248,1667372373.2459373
1667372375.9373436,1667372377.7029686
1667372378.710781,1667372379.9685936
1667372380.7693748,1667372381.4217186
1667372381.5974998,1667372382.3904686
1667372383.663906,1667372384.8904686
1667372384.9060936,1667372384.9412498
1667372387.6404686,1667372388.9685936
1667372392.0974998,1667372393.163906
1667372393.8709373,1667372394.8553123
1667372398.1990623,1667372398.9490623
1683280292.6010938,1683280293.32375
1683280299.4839063,1683280300.464375
1658297203.1269064,1658297203.619094
1576566279.6323123,1576566280.6557498
1576566282.6948123,1576566284.2026248
1576566286.2338748,1576566287.753406
1576566290.440906,1576566291.0268435
1576566293.440906,1576566294.3432498
1576566295.7143435,1576566296.3823123
1576566298.5619998,1576566299.8080935
1658314793.494094,1658314793.9042501
1658314797.6620626,1658314798.337844
1658314800.8808126,1658314802.337844
1658314804.1542501,1658314804.7480001
1658314806.3730001,1658314807.4589376
1658314809.4550314,1658314811.3300314
1658314813.2714376,1658314813.8612814
1667383625.1834373,1667383626.632656
1667383630.445156,1667383631.5740623
1667383631.7537498,1667383633.3279686
1667383635.804531,1667383636.9685936
1667383639.8162498,1667383640.5115623
1667383641.9959373,1667383642.5740623
1667383644.913906,1667383646.085781
1667383650.1287498,1667383651.242031
1667375733.8123436,1667375734.6209373
1667375736.6443748,1667375738.0115623
1667375740.7654686,1667375742.3006248
1667375747.8904686,1667375749.1443748
1667375749.5935936,1667375750.8162498
1667375753.6599998,1667375754.8904686
1667375757.3435936,1667375758.8787498
1576648029.2612185,1576648030.378406
1576648035.565906,1576648035.6010623
1576648036.1362185,1576648036.222156
1576648036.9526248,1576648036.9604373
1576648052.5854373,1576648053.6948123
1576648055.6869998,1576648056.519031
1576648152.8549685,1576648153.7768435
1576648153.7924685,1576648153.8041873
1576648158.6635623,1576648159.4487185
1576648163.9799685,1576648164.065906
1576648164.1987185,1576648164.2260623
1576648167.347156,1576648168.3823123
1576646406.8705935,1576646408.1010623
1576646408.9916873,1576646410.4291873
1576646414.6869998,1576646415.9760623
1576646422.1323123,1576646423.6479373
1576646425.1323123,1576646426.7260623
1576646429.2143435,1576646430.5541873
1576646433.0580935,1576646433.4760623
1576574198.987781,1576574200.190906
1576574210.9487185,1576574211.6088748
1576574218.0073123,1576574219.2299685
1576574222.0229373,1576574223.2260623
1576574225.4994998,1576574226.4994998
1576649139.472156,1576649140.394031
1576649142.300281,1576649143.300281
1576649147.7026248,1576649148.9330935
1576649151.6948123,1576649152.8862185
1576649162.519031,1576649163.6010623
1667367994.038906,1667367995.4021873
1667367997.7498436,1667367999.3865623
1667368000.257656,1667368002.554531
1667368006.5584373,1667368007.382656
1667375282.7771873,1667375283.2771873
1667375290.429531,1667375291.0349998
1667375292.4803123,1667375294.2342186
1667375306.4881248,1667375308.460781
1667380682.913906,1667380684.7068748
1667380686.6209373,1667380687.9529686
1667380691.2342186,1667380692.1209373
1667380693.6209373,1667380695.3435936
1576652797.7963748,1576652799.4955935
1576652804.6518435,1576652806.503406
1576652809.784656,1576652811.4018435
1576652815.206531,1576652816.3119998
1683263333.058125,1683263334.3354688
1683263337.5229688,1683263338.2885938
1683263339.76125,1683263340.4135938
1683263342.1010938,1683263342.9370313
1683263349.4878125,1683263350.0307813
1683263353.8120313,1683263354.8276563
1576667317.9330935,1576667319.2612185
1576667321.4330935,1576667323.2299685
1576667324.769031,1576667326.3432498
1576667326.9330935,1576667327.8744998
1576667338.5854373,1576667339.269031
1576568199.4448123,1576568200.4643435
1576568202.315906,1576568203.0932498
1576568204.4916873,1576568205.6323123
1576568213.3901248,1576568214.7416873
1576568220.6674685,1576568221.7573123
1576568225.6244998,1576568226.5932498
1667386596.4646873,1667386597.117031
1667386598.1560936,1667386599.179531
1667386603.6092186,1667386604.8162498
1667386607.601406,1667386608.9881248
1667386620.6834373,1667386621.5623436
1576646712.5424685,1576646714.315906
1576646716.5151248,1576646718.0268435
1576646719.6987185,1576646721.0424685
1576646734.1010623,1576646734.8276248
1576646735.6674685,1576646736.4994998
1576650253.409656,1576650254.4291873
1576650256.0463748,1576650257.3666873
1576650259.1987185,1576650261.1205935
1576650263.6166873,1576650264.425281
1576650264.6323123,1576650264.9291873
1576578462.6088748,1576578463.3354373
1576578465.8979373,1576578467.315906
1576578469.4330935,1576578470.690906
1576578475.7455935,1576578477.0854373
1576578480.2455935,1576578481.3393435
1576578484.8588748,1576578485.5541873
1576654061.706531,1576654062.7104373
1576654065.456531,1576654066.1166873
1576654070.4643435,1576654071.6244998
1576654078.7494998,1576654079.4760623
1576567239.112781,1576567240.3119998
1576567247.3588748,1576567248.831531
1576567251.0307498,1576567251.8080935
1576567255.3080935,1576567256.4760623
1576567259.2104373,1576567260.5932498
1576567263.9135623,1576567265.065906
1667368804.1678123,1667368805.1912498
1667368807.3748436,1667368808.1365623
1667368808.1443748,1667368808.1599998
1667368821.1053123,1667368821.8787498
1667368824.929531,1667368825.4803123
1667368825.5310936,1667368825.6443748
1667368831.4217186,1667368832.4881248
1576665277.3432498,1576665278.4448123
1576665279.3198123,1576665281.0151248
1576665281.9330935,1576665283.8862185
1576665286.4760623,1576665286.940906
1576665287.0776248,1576665287.4018435
1576665290.2182498,1576665292.128406
1576665297.847156,1576665297.9994998
1576665300.1830935,1576665301.0268435
1576665302.8237185,1576665303.7963748
1667377142.6912498,1667377143.9685936
1667377146.101406,1667377147.2068748
1667377149.8787498,1667377150.9646873
1667377156.1990623,1667377157.6053123
1667377159.9099998,1667377161.3162498
1667377163.679531,1667377165.2146873
1667377166.8318748,1667377167.8435936
1667377170.867031,1667377172.0310936
1576573092.5580935,1576573094.0268435
1576573098.409656,1576573099.7768435
1576573099.7807498,1576573099.8041873
1576573103.5776248,1576573105.0151248
1576573110.409656,1576573111.550281
1576573112.550281,1576573113.940906
1576573115.6401248,1576573116.5932498
1658308826.3651876,1658308827.4081564
1658308830.8730001,1658308831.462844
1658308833.962844,1658308834.5800314
1658308839.7870626,1658308840.8651876
1658308842.8495626,1658308843.5683126
1658308848.8495626,1658308850.4823751
1667382664.335781,1667382665.210781
1667382666.445156,1667382667.6209373
1667382668.5271873,1667382670.6756248
1667382672.3709373,1667382674.0271873
1667382676.0935936,1667382677.9646873
1576666028.0854373,1576666029.550281
1576666035.3276248,1576666036.4135623
1576666039.6518435,1576666040.5151248
1576666040.6869998,1576666041.6244998
1576666041.6635623,1576666041.6869998
1576666044.1869998,1576666045.815906
1576666048.6088748,1576666050.394031
1576666052.2416873,1576666054.112781
1658300492.4394064,1658300493.587844
1658300500.4862814,1658300501.3769064
1658300504.1933126,1658300505.0214376
1658303054.0761251,1658303054.2519064
1576648425.6010623,1576648426.878406
1576648431.0229373,1576648432.409656
1576648443.5073123,1576648444.628406
1576562350.2338748,1576562350.9643435
1576562354.4643435,1576562355.3041873
1576562357.987781,1576562358.1166873
1576562362.4604373,1576562363.4916873
1576562373.9643435,1576562374.7026248
1576567899.331531,1576567900.456531
1576567901.1869998,1576567902.1713748
1576567905.675281,1576567907.4682498
1576567910.3666873,1576567911.2338748
1576567915.0776248,1576567915.628406
1576567924.4291873,1576567924.9213748
1576567924.9369998,1576567925.7612185
1683265041.3315625,1683265042.2065625
1683265052.1557813,1683265053.105
1683265059.3667188,1683265060.6635938
1683265064.3120313,1683265064.5385938
1683265065.7260938,1683265066.3159375
1667376397.3631248,1667376398.5115623
1667376400.4881248,1667376401.8474998
1667376403.6560936,1667376405.2771873
1667376413.3123436,1667376414.4959373
1667376418.3943748,1667376419.2224998
1667369799.6209373,1667369800.460781
1667369817.101406,1667369818.1053123
1667369820.6209373,1667369821.3865623
1576581006.7963748,1576581007.5229373
1576581012.8588748,1576581013.7963748
1576581019.6830935,1576581021.5385623
1576581025.8080935,1576581026.7455935
1576581026.8354373,1576581026.847156
1576581030.4526248,1576581031.7494998
1576558928.5385623,1576558929.815906
1576558933.3549685,1576558933.878406
1576558940.0932498,1576558941.5385623
1576558955.4135623,1576558956.5932498
1667366882.7342186,1667366883.788906
1667366884.3748436,1667366885.1990623
1667366888.038906,1667366889.5037498
1667366890.2654686,1667366891.4256248
1667366892.132656,1667366893.8709373
1667366896.5037498,1667366897.4842186
1667366902.679531,1667366903.6287498
1667366909.5623436,1667366910.7029686
1576574797.9994998,1576574799.284656
1576574803.4526248,1576574804.628406
1576574812.0854373,1576574813.2651248
1576574816.4994998,1576574817.6401248
1576574823.4916873,1576574824.8549685
1576561178.0580935,1576561179.690906
1576561181.0737185,1576561182.4174685
1576561183.565906,1576561184.3432498
1576561186.6869998,1576561187.6635623
1576561189.6674685,1576561190.4799685
1576561199.8198123,1576561200.097156
1576561203.8666873,1576561204.7963748
1576575157.940906,1576575159.4330935
1576575167.2924685,1576575168.6518435
1576575172.8588748,1576575173.815906
1576575180.550281,1576575181.7299685
1576575185.6830935,1576575186.5932498
1667385878.6599998,1667385879.6092186
1667385880.0935936,1667385880.7810936
1667385882.3592186,1667385884.2771873
1667385884.679531,1667385885.320156
1667385887.288906,1667385887.788906
1667385887.8904686,1667385888.898281
1667385892.1990623,1667385893.1404686
1667385897.6912498,1667385899.4217186
1667385900.476406,1667385901.773281
1658315303.2558126,1658315303.9667501
1658315310.2675314,1658315310.337844
1658315311.1581564,1658315312.2362814
1658315313.322219,1658315313.8964376
1658315314.0136251,1658315314.978469
1658315315.775344,1658315315.8417501
1658315315.8964376,1658315316.7362814
1658315324.0136251,1658315324.4980001
1658315325.009719,1658315325.603469
1658315329.0448751,1658315329.6269064
1576572487.3862185,1576572487.5932498
1576572488.1401248,1576572488.4916873
1576572502.4643435,1576572503.2768435
1576572507.597156,1576572509.190906
1576572514.6166873,1576572514.7104373
1576572514.7729373,1576572514.8119998
1576572514.8237185,1576572515.9174685
1576575936.7963748,1576575938.081531
1576575941.9174685,1576575942.5463748
1576575943.472156,1576575944.9448123
1576575965.6010623,1576575966.5112185
1667379632.6912498,1667379633.929531
1667379636.163906,1667379637.5974998
1667379639.4021873,1667379641.398281
1667379642.4021873,1667379643.6209373
1667379650.8123436,1667379652.0428123
1667379656.4412498,1667379656.9842186
1667379658.554531,1667379659.7303123
1667383502.6912498,1667383503.9021873
1667383505.4998436,1667383506.7498436
1667383507.304531,1667383508.179531
1667383509.9568748,1667383511.8474998
1667383514.3318748,1667383515.6443748
1667383518.3435936,1667383519.351406
1576575850.7651248,1576575851.5307498
1576575853.3510623,1576575854.7104373
1576575860.112781,1576575861.128406
1576575869.0932498,1576575870.1674685
1576575872.1987185,1576575874.0698123
1576575875.1674685,1576575876.5932498
1576578697.1010623,1576578698.581531
1576578704.5151248,1576578705.425281
1576578708.4643435,1576578709.7104373
1576578713.2573123,1576578714.6205935
1576578716.9799685,1576578718.6088748
1576578720.472156,1576578721.1205935
1667377503.9334373,1667377504.9334373
1667377506.4724998,1667377507.445156
1667377509.038906,1667377510.8553123
1667377511.8943748,1667377513.2303123
1667377517.1053123,1667377517.8553123
1667377520.4334373,1667377521.117031
1667377524.8123436,1667377526.1092186
1667377529.913906,1667377530.9021873
1667381649.8865623,1667381651.5779686
1667381653.476406,1667381654.179531
1667381656.9685936,1667381658.0349998
1667381666.2498436,1667381667.2967186
1576578848.3119998,1576578848.909656
1576578856.1049685,1576578857.5307498
1576578861.3862185,1576578862.862781
1576578864.9682498,1576578866.2963748
1576558995.6323123,1576558996.659656
1576558997.4526248,1576558998.5151248
1576558999.409656,1576559000.4487185
1576559006.6557498,1576559007.4799685
1576559013.9487185,1576559015.206531
1576566789.3744998,1576566790.0893435
1576566790.175281,1576566791.6088748
1576566795.4955935,1576566796.1088748
1576566797.1323123,1576566798.4369998
1576566800.3979373,1576566801.6479373
1576566801.675281,1576566801.784656
1576566804.331531,1576566804.472156
1576566806.7651248,1576566807.9018435
1576566810.847156,1576566811.8901248
1576563187.1518435,1576563187.972156
1576563192.4838748,1576563194.1674685
1576563197.394031,1576563198.9174685
1576563201.4526248,1576563202.8901248
1576652558.8705935,1576652560.1869998
1576652562.7299685,1576652564.0541873
1576652568.3354373,1576652568.5580935
1576652568.9291873,1576652569.5776248
1576652570.3354373,1576652570.909656
1576652571.0112185,1576652571.065906
1576652576.4213748,1576652576.9526248
1576652580.675281,1576652581.7729373
1658310904.494094,1658310905.6620626
1658310907.3612814,1658310907.8495626
1658310915.9862814,1658310917.822219
1658310920.806594,1658310921.525344
1658308523.915969,1658308524.7401876
1658308534.7558126,1658308535.6737814
1658308537.9433126,1658308538.7050314
1658308540.5292501,1658308541.0487814
1658308541.3456564,1658308541.6698751
1658308542.0331564,1658308543.1894064
1658308551.915969,1658308552.322219
1683346040.245625,1683346041.1167188
1683346045.9214063,1683346046.605
1683346051.01125,1683346052.0073438
1683346054.1323438,1683346054.6948438
1683346066.1635938,1683346067.1479688
1576575667.6205935,1576575669.0424685
1576575671.0463748,1576575671.6244998
1576575673.4526248,1576575674.9448123
1576575679.8979373,1576575681.3744998
1576575688.8705935,1576575689.722156
1576575694.8666873,1576575695.706531
1576665667.2299685,1576665668.4955935
1576665674.3744998,1576665675.4916873
1576665680.6205935,1576665682.0112185
1576665685.1557498,1576665686.2924685
1576665688.581531,1576665689.5932498
1576665689.940906,1576665691.190906
1576665693.0776248,1576665693.1205935
1576665694.7612185,1576665696.0307498
1576650127.644031,1576650128.159656
1576650129.690906,1576650131.159656
1576650141.9330935,1576650142.112781
1576650147.2924685,1576650148.6869998
1576650150.0932498,1576650150.628406
1576650155.3549685,1576650156.5932498
1667375492.742031,1667375494.1053123
1667375496.992031,1667375498.2654686
1667375502.7693748,1667375504.0154686
1667375507.9959373,1667375509.507656
1667375512.085781,1667375513.2928123
1667375517.5271873,1667375518.4021873
1667375520.8279686,1667375521.8709373
1576648661.284656,1576648662.6557498
1576648663.300281,1576648663.3666873
1576648663.4057498,1576648663.4682498
1576648666.0619998,1576648667.0932498
1576648670.847156,1576648671.440906
1576648672.003406,1576648673.0580935
1576648675.956531,1576648677.362781
1576648683.0463748,1576648684.4994998
1667370489.6756248,1667370490.663906
1667370493.9099998,1667370494.413906
1667370498.4178123,1667370499.5623436
1667370499.9334373,1667370501.054531
1667370503.3279686,1667370505.179531
1667370506.6365623,1667370508.7459373
1667370510.2849998,1667370512.0818748
1576559107.8744998,1576559108.8354373
1576559110.3705935,1576559111.456531
1576559115.2182498,1576559116.2143435
1576559117.9330935,1576559119.1323123
1576559120.722156,1576559121.737781
1576559125.269031,1576559126.175281
1576559127.284656,1576559128.0151248
1576559131.6479373,1576559132.3862185
1658301131.478469,1658301131.4862814
1658301131.5839376,1658301131.603469
1658301142.337844,1658301143.0370626
1667374502.8943748,1667374504.2693748
1667374505.007656,1667374505.882656
1667374522.2537498,1667374523.5115623
1667374528.742031,1667374528.929531
1667368684.0818748,1667368684.7459373
1667368688.3631248,1667368688.9568748
1667368691.7771873,1667368693.0935936
1667368696.5467186,1667368697.3396873
1667368699.8006248,1667368700.1912498
1667368701.5271873,1667368702.6053123
1667368704.7224998,1667368706.1365623
1667368708.4803123,1667368709.445156
1683281513.6010938,1683281514.3159375
1683281515.3471875,1683281515.94875
1683281526.4253125,1683281527.57375
1683281528.7846875,1683281529.4214063
1683281534.1167188,1683281535.401875
1667382094.1599998,1667382094.976406
1667382100.4998436,1667382101.0115623
1667382103.2185936,1667382103.7615623
1667382106.5896873,1667382108.1521873
1667382110.8631248,1667382112.6599998
1667382114.4842186,1667382115.9998436
1667382118.867031,1667382120.5428123
1667382121.8084373,1667382122.4881248
1683271790.605,1683271791.6479688
1683271800.51125,1683271801.370625
1683271805.8315625,1683271806.6948438
1658295444.415969,1658295445.494094
1658295452.4980001,1658295453.6269064
1658295460.7401876,1658295461.2948751
1658295464.1308126,1658295465.5839376
1658295468.0644064,1658295469.290969
1576566850.472156,1576566850.940906
1576566852.3119998,1576566853.9448123
1576566856.315906,1576566856.7768435
1576566856.8119998,1576566856.9291873
1576566861.6987185,1576566863.6362185
1576566867.3393435,1576566868.8588748
1576566871.6830935,1576566872.9369998
1576566873.878406,1576566874.6205935
1667379512.9842186,1667379514.3865623
1667379520.1092186,1667379521.8748436
1667379523.4881248,1667379524.273281
1667379525.007656,1667379526.648281
1667379528.038906,1667379528.867031
1667379529.5623436,1667379530.5584373
1667379533.0037498,1667379534.6834373
1667379536.7342186,1667379537.695156
1683350432.839375,1683350433.589375
1683350442.3042188,1683350443.183125
1683350444.870625,1683350445.3471875
1667381944.3396873,1667381946.0974998
1667381950.9490623,1667381952.8123436
1667381958.2224998,1667381958.9803123
1667381959.507656,1667381960.4881248
1667381961.3240623,1667381962.8123436
1667381967.0506248,1667381967.7615623
1667381969.4490623,1667381971.0779686
1667377983.804531,1667377983.8709373
1667377983.898281,1667377984.5310936
1667377988.3318748,1667377989.7303123
1667377993.038906,1667377994.8709373
1667377995.7146873,1667377996.8318748
1667378002.0974998,1667378003.3318748
1667378006.1990623,1667378007.1560936
1667378009.242031,1667378009.9646873
1667378011.304531,1667378012.3084373
1658311005.6386251,1658311006.7323751
1658311010.9589376,1658311011.6737814
1576574676.8666873,1576574677.565906
1576574691.5073123,1576574693.2416873
1576574697.6049685,1576574697.628406
1576574697.9994998,1576574698.6049685
1576574701.4487185,1576574702.8198123
1667381884.320156,1667381885.3435936
1667381887.163906,1667381889.0193748
1667381892.7146873,1667381894.195156
1667381902.0623436,1667381902.1209373
1667381902.1834373,1667381902.5740623
1667381910.3943748,1667381911.554531
1576559678.0151248,1576559679.3080935
1576559682.5619998,1576559683.3276248
1576559684.2651248,1576559685.2651248
1576559688.0932498,1576559689.2768435
1576559690.519031,1576559691.4448123
1576559694.800281,1576559695.7807498
1576559699.2026248,1576559700.722156
1576559701.5463748,1576559702.190906
1576567360.956531,1576567362.1049685
1576567362.9369998,1576567363.7963748
1576567376.1166873,1576567377.7807498
1576567382.3237185,1576567383.331531
1683351535.98,1683351536.9878125
1683351538.9995313,1683351539.69875
1683351541.8315625,1683351542.526875
1683351556.3471875,1683351557.339375
1683359749.26125,1683359750.0229688
1683359763.0073438,1683359763.933125
1683359767.0815625,1683359767.6089063
1683359770.2065625,1683359770.5932813
1667372651.4256248,1667372652.4881248
1667372655.538906,1667372656.8240623
1667372660.0037498,1667372660.7928123
1667372661.2185936,1667372661.4842186
1667372664.0935936,1667372665.4490623
1667372667.8279686,1667372669.6521873
1667372671.460781,1667372672.4881248
1683259053.620625,1683259054.4448438
1683259057.4448438,1683259058.4604688
1683259062.1401563,1683259063.3198438
1667371994.960781,1667371995.9685936
1667371996.4881248,1667371997.757656
1667371999.1131248,1667372001.0662498
1667372006.648281,1667372008.2537498
1667372008.9685936,1667372009.523281
1667372009.8279686,1667372010.7381248
1667370008.8943748,1667370009.6990623
1667370012.554531,1667370013.9412498
1667370016.7068748,1667370018.5506248
1667370019.8279686,1667370021.2967186
1667370027.5896873,1667370028.2654686
1667370028.4529686,1667370029.3318748
1683259166.7417188,1683259167.5073438
1683259169.4917188,1683259170.6284375
1683259175.3745313,1683259175.9175
1683351471.6245313,1683351472.5464063
1683351492.683125,1683351493.4096875
1667376483.5037498,1667376484.1873436
1667376485.226406,1667376485.6131248
1667376487.9842186,1667376488.8709373
1667376489.7303123,1667376490.4803123
1667376491.6131248,1667376493.210781
1667376494.4724998,1667376495.3279686
1667376495.960781,1667376496.6599998
1667376499.2849998,1667376500.2928123
1667376504.2849998,1667376505.367031
1667384852.6912498,1667384853.8865623
1667384856.6092186,1667384857.085781
1667384859.1443748,1667384859.6599998
1667384862.6365623,1667384864.0115623
1667384866.6443748,1667384868.4060936
1667384871.7224998,1667384872.663906
1667384873.5584373,1667384875.2967186
1667384877.3631248,1667384878.6287498
1667384880.3943748,1667384881.8592186
1667375615.929531,1667375616.6678123
1667375619.8435936,1667375621.288906
1667375623.2303123,1667375624.0349998
1667375625.1678123,1667375625.757656
1667375627.882656,1667375628.913906
1667375631.757656,1667375632.913906
1667375635.4373436,1667375635.8240623
1667375638.2498436,1667375639.6287498
1667375641.882656,1667375642.3318748
1667366586.8904686,1667366588.0428123
1667366590.0154686,1667366591.4998436
1667366593.5349998,1667366595.2342186
1667366603.1834373,1667366603.8904686
1667366605.4646873,1667366607.1404686
1576658257.3080935,1576658258.3588748
1576658262.9135623,1576658264.3588748
1576658268.753406,1576658270.3744998
1576658273.6166873,1576658275.1635623
1576658278.034656,1576658279.3080935
1683278721.5464063,1683278722.6323438
1683278724.57375,1683278725.1714063
1683278732.1440625,1683278732.808125
1683278740.2104688,1683278740.6948438
1683278745.4370313,1683278746.151875
1658307893.6112814,1658307894.9980001
1683364490.2925,1683364490.8354688
1683364501.3354688,1683364502.1909375
1683364505.4292188,1683364506.1909375
1683364507.8120313,1683364508.8198438
1683364518.1245313,1683364518.9370313
1683349588.6128125,1683349589.4292188
1683349591.3510938,1683349592.3471875
1683349594.1089063,1683349594.8979688
1683349605.214375,1683349606.3354688
1667366224.288906,1667366225.7303123
1667366226.6717186,1667366227.757656
1667366234.3709373,1667366235.288906
1667366236.9568748,1667366238.2498436
1667366243.9998436,1667366244.7381248
1667366245.445156,1667366245.4724998
1667366246.242031,1667366248.0623436
1667366249.367031,1667366250.1756248
1576573746.8080935,1576573748.3823123
1576573751.8979373,1576573752.6362185
1576573757.5698123,1576573759.0229373
1576573760.050281,1576573761.6557498
1576573766.2612185,1576573767.9448123
1667368911.9803123,1667368912.8865623
1667368913.6717186,1667368914.5740623
1667368919.163906,1667368920.0896873
1576657959.0307498,1576657959.8432498
1576657968.6635623,1576657969.8588748
1576657974.050281,1576657975.1088748
1576657979.5229373,1576657980.5776248
1576657982.503406,1576657983.5307498
1576657985.5932498,1576657986.5932498
1576569549.8276248,1576569550.331531
1576569551.7416873,1576569551.9487185
1576569551.9682498,1576569552.9682498
1576569561.8823123,1576569562.3237185
1576569565.550281,1576569566.6479373
1576569570.753406,1576569571.8354373
1576569574.3119998,1576569576.1049685
1667368414.101406,1667368414.5271873
1667368427.3279686,1667368428.2303123
1667368430.7068748,1667368431.4881248
1667368433.710781,1667368434.523281
1667368437.1131248,1667368439.0974998
1658300285.494094,1658300285.5019064
1658300285.5214376,1658300286.994094
1658300293.2519064,1658300293.5800314
1658300293.6073751,1658300294.7050314
1658300297.478469,1658300297.4980001
1658300300.322219,1658300301.1776876
1683358791.5151563,1683358792.5151563
1683358800.6284375,1683358801.401875
1683358803.183125,1683358803.7221875
1683358807.7221875,1683358808.4214063
1683358811.5932813,1683358812.5971875
1683358818.183125,1683358818.933125
1576559139.9369998,1576559140.9955935
1576559145.659656,1576559146.003406
1576559147.347156,1576559148.4838748
1576559153.8705935,1576559154.4994998
1576559160.4994998,1576559161.2299685
1576559165.3705935,1576559166.4643435
1576560066.956531,1576560068.6557498
1576560073.784656,1576560075.2299685
1576560078.5229373,1576560079.4643435
1576560082.019031,1576560084.2104373
1576560089.5112185,1576560090.565906
1667369762.7185936,1667369763.2967186
1667369765.6717186,1667369766.9803123
1667369769.5935936,1667369770.3162498
1667369772.3553123,1667369773.929531
1667369776.2537498,1667369777.538906
1667369780.460781,1667369780.8318748
1667369782.820156,1667369783.9998436
1667369786.5662498,1667369787.0506248
1667375403.0037498,1667375404.8162498
1667375405.1990623,1667375406.2771873
1667375406.320156,1667375407.4568748
1667375410.601406,1667375411.4529686
1667375413.9099998,1667375414.7068748
1667375418.148281,1667375419.538906
1667375420.8787498,1667375421.9217186
1667375425.163906,1667375426.288906
1667375428.5818748,1667375429.5115623
1576579538.3354373,1576579539.4487185
1576579540.8354373,1576579542.1244998
1576579548.0229373,1576579549.2651248
1576579551.8901248,1576579553.1557498
1576579558.3549685,1576579559.112781
1576579562.909656,1576579563.8549685
1576579564.3588748,1576579565.175281
1683347123.7807813,1683347124.5854688
1683347131.9135938,1683347132.5932813
1683347134.0425,1683347134.7729688
1683347139.6792188,1683347140.82375
1683347148.3589063,1683347148.82375
1667368175.2498436,1667368176.2498436
1667368179.2498436,1667368179.273281
1667368179.304531,1667368180.4412498
1667368180.9178123,1667368181.7029686
1667368183.4568748,1667368185.398281
1667368190.3162498,1667368190.7224998
1667368192.4529686,1667368193.0467186
1667376723.3162498,1667376724.4490623
1667376725.6443748,1667376726.6599998
1667376729.429531,1667376730.882656
1667376733.7459373,1667376734.4021873
1667376737.6443748,1667376738.6131248
1667376740.3435936,1667376741.0271873
1667376750.4803123,1667376751.945156
1658314593.5019064,1658314594.650344
1658314600.915969,1658314602.275344
1658314605.0800314,1658314606.4862814
1658314611.8925314,1658314612.2089376
1576646352.7143435,1576646354.550281
1576646362.9213748,1576646363.4916873
1576646366.1088748,1576646367.019031
1576646370.1948123,1576646371.425281
1576646373.6635623,1576646375.0385623
1576646375.0463748,1576646375.0698123
1576646375.0854373,1576646375.0893435
1667367663.820156,1667367665.1599998
1667367672.429531,1667367673.7224998
1667367675.4490623,1667367676.398281
1667367677.2303123,1667367677.9099998
1667367682.9490623,1667367683.8787498
1667367687.4060936,1667367688.1404686
1576568081.394031,1576568082.8354373
1576568088.612781,1576568090.0268435
1576568095.1635623,1576568096.706531
1576568099.284656,1576568101.0619998
1576568104.4448123,1576568104.9955935
1658299946.2558126,1658299946.2636251
1658299953.415969,1658299954.822219
1658299958.8183126,1658299959.431594
1658299960.9550314,1658299961.790969
1576568442.5737185,1576568443.3080935
1576568451.9643435,1576568453.5463748
1576568458.2494998,1576568459.019031
1576568463.9643435,1576568465.440906
1576572006.8901248,1576572008.1049685
1576572011.8744998,1576572013.050281
1576572015.5580935,1576572016.409656
1576572019.9330935,1576572020.894031
1576572022.800281,1576572024.815906
1576572027.1557498,1576572029.0112185
1658299083.7987814,1658299084.5058126
1658299089.9394064,1658299090.1464376
1658299090.665969,1658299091.0683126
1658299095.2558126,1658299096.056594
1658299099.9042501,1658299101.1151876
1667382995.6599998,1667382996.4685936
1667382997.2615623,1667382997.7029686
1667383000.4021873,1667383001.898281
1667383004.5740623,1667383006.007656
1667383011.9998436,1667383013.367031
1667383018.4803123,1667383019.7224998
1576578966.7963748,1576578967.7338748
1576578971.8119998,1576578972.7182498
1576578975.0854373,1576578976.4018435
1576578979.5619998,1576578980.3510623
1576578984.1830935,1576578985.2338748
1576578994.800281,1576578996.4643435
1658308496.4550314,1658308497.540969
1658308499.1737814,1658308500.1425314
1658308503.884719,1658308505.5370626
1658308506.4862814,1658308508.0761251
1658308509.8964376,1658308510.0487814
1658308510.400344,1658308511.6464376
1576578765.144031,1576578766.3549685
1576578768.9760623,1576578770.4916873
1576578773.8198123,1576578775.2299685
1576578776.9604373,1576578777.7651248
1576578780.644031,1576578782.1518435
1667370552.101406,1667370553.3748436
1667370565.9959373,1667370567.867031
1667370569.8943748,1667370571.648281
1576646976.7963748,1576646977.8510623
1576646981.690906,1576646982.5698123
1576646987.7299685,1576646988.675281
1576646989.0854373,1576646990.175281
1576646994.737781,1576646995.5698123
1576646998.862781,1576647000.347156
1576647002.0463748,1576647003.2885623
1667378794.054531,1667378794.679531
1667378798.2459373,1667378800.351406
1667378802.5193748,1667378803.0740623
1667378803.9490623,1667378804.6834373
1667378809.820156,1667378810.6990623
1667378814.8240623,1667378816.1599998
1667378819.1678123,1667378820.4021873
1667371176.0779686,1667371177.5506248
1667371180.257656,1667371181.7029686
1667371184.4490623,1667371186.070156
1667371189.0740623,1667371189.5271873
1667371191.2303123,1667371192.538906
1667371195.0310936,1667371195.8435936
1667371199.195156,1667371201.257656
1658314044.4433126,1658314045.0214376
1658314045.728469,1658314046.3925314
1658314050.4745626,1658314050.5995626
1658314050.6698751,1658314051.2558126
1658314053.2792501,1658314054.009719
1658314056.7206564,1658314058.3026876
1658314061.0995626,1658314061.9823751
1658314065.3651876,1658314065.7636251
1576646830.4604373,1576646831.3198123
1576646836.253406,1576646837.159656
1576646840.6362185,1576646841.769031
1576646844.5893435,1576646845.737781
1576646847.628406,1576646847.7182498
1576646849.3354373,1576646849.6323123
1576646849.644031,1576646850.4799685
1576646853.1830935,1576646854.831531
1667366612.757656,1667366613.6717186
1667366621.320156,1667366622.2810936
1667366624.2224998,1667366624.6560936
1667366626.163906,1667366627.3435936
1667366628.8748436,1667366630.2967186
1667366631.9334373,1667366633.2693748
1667366636.0428123,1667366637.5115623
1576649113.628406,1576649114.4135623
1576649123.9018435,1576649124.8823123
1576649128.1987185,1576649129.0619998
1576649130.081531,1576649130.1166873
1576649130.159656,1576649131.4955935
1576649132.4526248,1576649133.8237185
1667379753.679531,1667379754.257656
1667379759.960781,1667379760.7654686
1667379762.9060936,1667379763.9724998
1667379764.9373436,1667379765.9646873
1667379767.8943748,1667379767.9334373
1667379768.038906,1667379769.6131248
1667379770.5974998,1667379771.0818748
1667379771.882656,1667379773.0310936
1667379773.7693748,1667379774.538906
1667379776.6131248,1667379777.570156
1667379781.5349998,1667379782.4881248
1667379338.3084373,1667379339.0271873
1667379350.3553123,1667379351.4060936
1667379355.4099998,1667379357.1053123
1667379358.4998436,1667379359.8162498
1667379359.8318748,1667379359.867031
1667379359.9334373,1667379360.226406
1683358352.8432813,1683358354.2260938
1683358356.9682813,1683358358.3042188
1683358361.5425,1683358361.6284375
1683358361.7378125,1683358363.1948438
1683358365.2417188,1683358366.0151563
1683358367.7026563,1683358368.558125
1683287929.1479688,1683287929.8315625
1683287929.8354688,1683287929.8432813
1683287930.6635938,1683287931.1440625
1683287932.1128125,1683287932.9995313
1683287949.2573438,1683287950.32375
1683287953.6635938,1683287954.3901563
1683287955.7885938,1683287956.433125
1683260916.8745313,1683260917.3940625
1683260920.0971875,1683260920.7846875
1683260924.0932813,1683260924.7846875
1576568351.1557498,1576568351.987781
1576568354.9838748,1576568355.722156
1576568356.6791873,1576568357.8119998
1576568360.6323123,1576568361.4838748
1576568367.3588748,1576568368.6635623
1576568372.9448123,1576568374.3237185
1667378945.8084373,1667378946.695156
1667378947.4959373,1667378947.9959373
1667378953.2224998,1667378954.1404686
1667378960.8748436,1667378962.492031
1667378964.9178123,1667378965.8943748
1667378967.648281,1667378969.1990623
1667378971.3318748,1667378972.429531
1683346763.0854688,1683346763.4096875
1683346771.0073438,1683346771.6479688
1658295026.259719,1658295026.7714376
1658295030.8144064,1658295032.0526876
1658295034.8612814,1658295036.0292501
1658295042.7480001,1658295043.7011251
1576561867.7963748,1576561867.909656
1576561870.800281,1576561872.1635623
1576561874.2573123,1576561874.4838748
1576561875.7260623,1576561876.2924685
1576561876.315906,1576561877.1401248
1576561880.675281,1576561881.7260623
1576561883.362781,1576561884.3432498
1576561886.347156,1576561887.2729373
1576666000.019031,1576666001.3705935
1576666006.7299685,1576666007.7299685
1576666009.7299685,1576666010.706531
1576666011.472156,1576666012.550281
1576666013.331531,1576666014.2924685
1576666022.2182498,1576666023.8823123
1576669808.1518435,1576669809.7026248
1576669813.1518435,1576669814.3119998
1576669816.237781,1576669817.409656
1576669818.8666873,1576669819.7651248
1576669821.9174685,1576669823.0112185
1576669823.737781,1576669824.362781
1576669831.6557498,1576669832.1948123
1576575818.3237185,1576575820.1987185
1576575823.3198123,1576575824.925281
1576575838.6557498,1576575839.7924685
1576572548.8666873,1576572550.6713748
1576572557.0151248,1576572558.503406
1576572563.300281,1576572564.909656
1576572571.8119998,1576572573.4330935
1667383592.6912498,1667383593.7146873
1667383595.5779686,1667383596.5584373
1667383599.7928123,1667383600.617031
1667383606.2029686,1667383606.710781
1667383615.0584373,1667383615.5935936
1667383615.601406,1667383615.6092186
1667383616.070156,1667383617.0818748
1667383618.585781,1667383619.4060936
1667383619.9724998,1667383621.3474998
1576573599.9057498,1576573600.3823123
1576573600.894031,1576573600.972156
1576573601.2182498,1576573602.3510623
1576573604.2182498,1576573604.5737185
1576573605.8198123,1576573606.4916873
1576573610.3354373,1576573611.7924685
1576573619.9174685,1576573620.5619998
1576572818.7416873,1576572819.659656
1576572822.4643435,1576572823.659656
1576572826.940906,1576572826.9604373
1576572829.2573123,1576572830.003406
1576572839.0776248,1576572839.9994998
1576572845.581531,1576572846.5307498
1576575190.4330935,1576575191.7182498
1576575194.7143435,1576575195.878406
1576575201.8549685,1576575202.769031
1576575204.2416873,1576575205.206531
1667376426.8435936,1667376428.2928123
1667376434.710781,1667376436.0779686
1667376437.2224998,1667376437.8631248
1667376438.8787498,1667376439.6599998
1667376446.1834373,1667376447.1404686
1667376451.3709373,1667376452.2224998
1576580799.1010623,1576580800.1713748
1576580804.3744998,1576580805.4838748
1576580810.769031,1576580811.940906
1576580821.050281,1576580822.4682498
1658302901.5995626,1658302902.3456564
1576567568.8393435,1576567569.8744998
1576567573.7573123,1576567575.4369998
1576567577.6713748,1576567579.440906
1576567581.659656,1576567581.8237185
1576567586.9448123,1576567588.3198123
1576567592.0307498,1576567593.1205935
1576567595.9994998,1576567596.5932498
1667377472.976406,1667377473.335781
1667377474.2654686,1667377475.5115623
1667377476.1092186,1667377477.210781
1667377479.5506248,1667377480.8084373
1667377481.976406,1667377482.4998436
1667377483.6365623,1667377484.242031
1667377488.835781,1667377489.9568748
1667377496.5623436,1667377497.4959373
1667377500.5193748,1667377502.4881248
1576653999.5385623,1576654000.3901248
1576654013.7885623,1576654014.4487185
1576654022.4213748,1576654023.0112185
1576561989.1948123,1576561989.3705935
1576561992.4643435,1576561993.2026248
1576561994.034656,1576561995.3198123
1576561997.9135623,1576561998.769031
1576562001.3080935,1576562002.159656
1576562005.5698123,1576562006.4174685
1576562009.8432498,1576562011.1205935
1576562014.9174685,1576562015.8744998
1576580860.0737185,1576580860.8041873
1576580863.7494998,1576580865.1635623
1576580868.3823123,1576580869.706531
1576580874.878406,1576580876.4369998
1576580878.9057498,1576580879.7299685
1576580880.1479373,1576580881.1323123
1576580883.7338748,1576580885.3237185
1576561337.753406,1576561339.1791873
1576561344.894031,1576561346.4135623
1576561347.3354373,1576561348.3393435
1576561351.128406,1576561352.4213748
1658296950.978469,1658296951.5917501
1667371354.0779686,1667371355.8318748
1667371357.7810936,1667371358.5935936
1667371371.6756248,1667371372.5467186
1667371375.7810936,1667371377.570156
1667371381.5506248,1667371382.179531
1667365925.9529686,1667365926.882656
1667365929.4646873,1667365930.8631248
1667365934.0779686,1667365934.7498436
1667365951.3904686,1667365952.2693748
1683283672.0620313,1683283672.605
1683283674.0425,1683283674.6714063
1683283686.183125,1683283686.9057813
1683283688.2846875,1683283688.995625
1683283695.776875,1683283696.4721875
1683283697.7417188,1683283698.73
1683261679.9175,1683261680.6401563
1683261682.0190625,1683261682.5346875
1683261685.9917188,1683261686.933125
1683261691.23,1683261691.7573438
1667385903.617031,1667385904.742031
1667385905.3748436,1667385906.4256248
1667385908.320156,1667385909.5310936
1667385913.3904686,1667385914.7810936
1667385915.5623436,1667385916.0974998
1667385916.7342186,1667385916.7615623
1667385916.7654686,1667385917.8006248
1667385917.804531,1667385917.8084373
1576562781.5229373,1576562783.2143435
1576562785.5776248,1576562787.190906
1576562789.3588748,1576562790.5619998
1576562793.0268435,1576562793.6049685
1576558836.925281,1576558838.7299685
1576558845.0463748,1576558846.394031
1576558846.9057498,1576558848.0229373
1576558853.9448123,1576558855.3979373
1576558856.3237185,1576558857.3198123
1683278070.0815625,1683278070.8315625
1683278073.5151563,1683278074.9135938
1683278077.0425,1683278077.73
1683278084.7495313,1683278085.5073438
1683278087.620625,1683278088.089375
1576572131.7416873,1576572132.8705935
1576572135.6987185,1576572136.9448123
1576572143.9760623,1576572145.362781
1576572147.5424685,1576572148.815906
1576572150.4135623,1576572151.456531
1576572154.1479373,1576572154.7260623
1667381763.367031,1667381764.1912498
1667381765.4685936,1667381766.5779686
1667381769.1717186,1667381770.679531
1667381773.820156,1667381775.4685936
1667381778.7342186,1667381779.5584373
1667381781.1599998,1667381782.413906
1667381788.726406,1667381789.960781
1683279921.7065625,1683279921.8198438
1683279930.3901563,1683279930.8198438
1683279936.8276563,1683279937.7104688
1683279946.855,1683279947.4292188
1667385093.5115623,1667385094.8006248
1667385097.4685936,1667385098.9060936
1667385100.7459373,1667385102.6560936
1667385104.8592186,1667385106.8006248
1667385106.8904686,1667385106.9568748
1667385114.554531,1667385114.5662498
1667385114.570156,1667385116.273281
1667376243.898281,1667376244.476406
1667376252.9881248,1667376253.679531
1667376258.3787498,1667376260.273281
1667376262.4529686,1667376264.0974998
1667376265.820156,1667376266.429531
1667376269.0974998,1667376270.6990623
1683358671.0425,1683358672.245625
1683358679.4604688,1683358680.23
1683358685.214375,1683358686.0425
1683358686.058125,1683358686.0659375
1683358687.5190625,1683358688.151875
1683358690.5932813,1683358691.1753125
1683358693.9604688,1683358694.2846875
1576665226.2885623,1576665227.769031
1576665230.8354373,1576665231.8705935
1576665233.4174685,1576665234.5112185
1576665236.206531,1576665237.4955935
1576665240.2573123,1576665241.5463748
1576665244.2494998,1576665244.3510623
1576665244.9955935,1576665246.190906
1658311466.4745626,1658311466.4862814
1658311466.5058126,1658311467.5839376
1658311476.5917501,1658311477.1698751
1658311478.8769064,1658311478.9980001
1658311485.2558126,1658311486.5136251
1658311489.6386251,1658311490.0605001
1576654147.9487185,1576654148.644031
1576654151.7885623,1576654152.5854373
1576654153.4448123,1576654154.4526248
1576654158.0854373,1576654158.862781
1576654168.9916873,1576654169.7494998
1576654173.112781,1576654175.019031
1667379092.8123436,1667379093.757656
1667379099.2146873,1667379100.335781
1667379103.0662498,1667379104.4334373
1667379106.3631248,1667379108.320156
1667379110.7459373,1667379112.7615623
1667379113.4529686,1667379114.6365623
1667379115.2615623,1667379116.0623436
1667379117.3435936,1667379117.8474998
1667379119.976406,1667379121.0818748
1667370663.9881248,1667370665.0428123
1667370667.3748436,1667370668.3709373
1667370668.8592186,1667370669.4803123
1667370674.2146873,1667370675.538906
1667370677.3553123,1667370678.7303123
1667370681.0662498,1667370682.1990623
1667370683.0623436,1667370684.2693748
1667370685.5740623,1667370686.8787498
1667370691.2342186,1667370692.476406
1667367334.007656,1667367335.4490623
1667367340.9060936,1667367341.5779686
1667367343.6717186,1667367345.0935936
1667367347.288906,1667367348.460781
1667367349.1990623,1667367350.6131248
1667367354.1560936,1667367355.3631248
1667367358.382656,1667367358.992031
1576569792.3432498,1576569793.0463748
1576569795.878406,1576569797.0737185
1576569803.706531,1576569803.9916873
1576569808.8666873,1576569809.4916873
1576569813.206531,1576569813.9448123
1667382699.851406,1667382700.5115623
1667382701.335781,1667382702.4568748
1667382705.867031,1667382707.1717186
1667382710.210781,1667382711.7654686
1667382713.8006248,1667382715.6365623
1667382717.2381248,1667382717.992031
1667382719.0896873,1667382719.0935936
1667382719.101406,1667382720.2928123
1576563998.784656,1576563999.6518435
1576563999.6674685,1576563999.7260623
1576564000.550281,1576564001.6791873
1576564003.956531,1576564005.3705935
1576564012.0112185,1576564012.6674685
1683270035.3510938,1683270036.058125
1683270036.7417188,1683270037.245625
1683270044.5698438,1683270045.2573438
1658314315.7167501,1658314316.103469
1658314339.1620626,1658314340.3651876
1658314341.197219,1658314341.8105001
1658301409.0800314,1658301409.3261251
1576572402.4955935,1576572404.0580935
1576572410.8510623,1576572412.1323123
1576572416.878406,1576572418.1323123
1576572425.1791873,1576572426.5932498
