annotation,start,end,duration,type
Partic_RT,1576544211.674156,1576544212.674156,1,art
Partic_MID,1576544545.266156,1576544546.266156,1,ba
Partic_LC,1576544545.402156,1576544546.402156,1,ba
Partic_RC,1576544560.594156,1576544561.594156,1,ba
Partic_RC,1576544709.914156,1576544710.914156,1,ba
Partic_MID,1576544709.914156,1576544710.914156,1,ba
Partic_RC,1576546250.714156,1576546251.714156,1,art
Partic_MID,1576546250.714156,1576546251.714156,1,art
Partic_RC,1576546844.586156,1576546845.586156,1,ba
Partic_MID,1576546844.586156,1576546845.586156,1,ba
Partic_LC,1576546844.590156,1576546845.590156,1,ba
Partic_LT,1576546844.662156,1576546845.662156,1,ba
Partic_MID,1576547055.306156,1576547056.346156,1.0399999618530273,ba
Partic_LC,1576547055.310156,1576547056.310156,1,ba
Partic_RC,1576547055.334156,1576547056.334156,1,ba
Partic_MID,1576547773.930156,1576547775.130156,1.2000000476837158,ba
Partic_RC,1576547773.966156,1576547775.126156,1.1600000858306885,ba
Partic_LC,1576547773.998156,1576547775.118156,1.119999885559082,ba
Partic_RT,1576547774.062156,1576547775.062156,1,ba
Partic_RC,1576548767.674156,1576548768.674156,1,ba
Partic_RC,1576549085.486156,1576549086.606156,1.1200001239776611,ba
Partic_MID,1576549085.486156,1576549086.606156,1.1200001239776611,ba
Partic_LC,1576549085.522156,1576549086.602156,1.0799999237060547,ba
Partic_LT,1576549085.550156,1576549086.590156,1.0399999618530273,ba
Partic_RT,1576549085.554156,1576549086.554156,1,ba
Partic_RC,1576549594.982156,1576549595.982156,1,ba
Partic_MID,1576549594.982156,1576549595.982156,1,ba
Partic_LC,1576549595.046156,1576549596.046156,1,ba
Partic_RC,1576551532.502156,1576551533.502156,1,ba
Partic_MID,1576551532.502156,1576551533.502156,1,ba
Partic_RC,1576551668.606156,1576551669.606156,1,ba
Partic_MID,1576551668.606156,1576551669.606156,1,ba
Partic_RC,1576554255.034156,1576554256.034156,1,ba
Partic_MID,1576554255.034156,1576554256.034156,1,ba
Partic_RC,1576555840.118156,1576555841.118156,1,ba
Partic_MID,1576555840.118156,1576555841.118156,1,ba
Partic_LC,1576555840.122156,1576555841.122156,1,ba
Partic_RT,1576556129.926156,1576556131.086156,1.1599998474121094,art
Partic_RT,1576556501.510156,1576556502.870156,1.3600001335144043,art
Partic_LT,1576556501.594156,1576556502.754156,1.1600000858306885,art
Partic_RC,1576558818.334156,1576558819.334156,1,spi
Partic_MID,1576558818.366156,1576558819.366156,1,spi
Partic_RC,1576558825.634156,1576558826.634156,1,spi
Partic_MID,1576558825.634156,1576558826.634156,1,spi
Partic_RC,1576558837.738156,1576558838.738156,1,spi
Partic_MID,1576558837.738156,1576558838.738156,1,spi
Partic_LC,1576558837.790156,1576558838.790156,1,spi
Partic_MID,1576558914.146156,1576558915.146156,1,spi
Partic_RC,1576558914.206156,1576558915.206156,1,spi
Partic_RT,1576559115.314156,1576559116.314156,1,spi
Partic_RT,1576559147.106156,1576559148.386156,1.2799999713897705,spi
Partic_RC,1576559147.106156,1576559148.466156,1.3599998950958252,spi
Partic_MID,1576559147.106156,1576559148.466156,1.3599998950958252,spi
Partic_LC,1576559147.246156,1576559148.446156,1.2000000476837158,spi
Partic_LT,1576559147.274156,1576559148.274156,1,spi
Partic_RC,1576559202.674156,1576559203.674156,1,spi
Partic_MID,1576559202.674156,1576559203.674156,1,spi
Partic_MID,1576559208.666156,1576559209.666156,1,ba
Partic_RC,1576559208.670156,1576559209.670156,1,ba
Partic_RT,1576559287.202156,1576559288.202156,1,spi
Partic_RC,1576559287.210156,1576559288.210156,1,spi
Partic_MID,1576559287.214156,1576559288.214156,1,spi
Partic_RC,1576559391.594156,1576559392.594156,1,spi
Partic_MID,1576559391.598156,1576559392.598156,1,spi
Partic_RC,1576559404.154156,1576559405.154156,1,spi
Partic_LC,1576559461.198156,1576559462.198156,1,ba
Partic_RC,1576559461.202156,1576559462.282156,1.0799999237060547,ba
Partic_MID,1576559461.202156,1576559462.282156,1.0799999237060547,ba
Partic_RT,1576559471.866156,1576559472.866156,1,spi
Partic_RC,1576559492.670156,1576559493.710156,1.0399999618530273,spi
Partic_MID,1576559492.670156,1576559493.670156,1,spi
Partic_RT,1576559492.722156,1576559493.722156,1,spi
Partic_LC,1576559492.802156,1576559493.802156,1,spi
Partic_RC,1576559504.306156,1576559505.306156,1,ba
Partic_RC,1576559677.998156,1576559678.998156,1,spi
Partic_MID,1576559678.030156,1576559679.030156,1,spi
Partic_RC,1576559813.658156,1576559814.658156,1,spi
Partic_MID,1576559813.658156,1576559814.658156,1,spi
Partic_RC,1576559857.622156,1576559858.622156,1,spi
Partic_MID,1576559857.622156,1576559858.622156,1,spi
Partic_RT,1576559857.654156,1576559858.654156,1,spi
Partic_LC,1576559857.742156,1576559858.742156,1,spi
Partic_LC,1576559872.750156,1576559873.750156,1,spi
Partic_RC,1576559872.750156,1576559873.750156,1,spi
Partic_MID,1576559872.750156,1576559873.750156,1,spi
Partic_RT,1576559872.866156,1576559873.866156,1,spi
Partic_RC,1576559965.782156,1576559966.822156,1.0399999618530273,spi
Partic_MID,1576559965.782156,1576559966.822156,1.0399999618530273,spi
Partic_LC,1576559965.826156,1576559966.826156,1,spi
Partic_RT,1576559965.882156,1576559966.882156,1,spi
Partic_RT,1576560067.614156,1576560068.614156,1,spi
Partic_RC,1576560089.430156,1576560090.430156,1,spi
Partic_MID,1576560089.434156,1576560090.434156,1,spi
Partic_MID,1576560199.746156,1576560200.746156,1,ba
Partic_RT,1576560199.778156,1576560200.778156,1,spi
Partic_RC,1576560199.778156,1576560200.778156,1,ba
Partic_RT,1576560275.450156,1576560276.530156,1.0799999237060547,spi
Partic_LT,1576560275.642156,1576560276.642156,1,ba
Partic_RC,1576560275.702156,1576560276.702156,1,spi
Partic_MID,1576560275.706156,1576560276.706156,1,spi
Partic_MID,1576560961.822156,1576560962.822156,1,spi
Partic_RC,1576560961.834156,1576560962.834156,1,spi
Partic_RC,1576560981.046156,1576560982.046156,1,spi
Partic_MID,1576560981.082156,1576560982.082156,1,spi
Partic_RT,1576560988.426156,1576560989.546156,1.119999885559082,spi
Partic_RH,1576560988.826156,1576560989.826156,1,spi
Partic_RT,1576561085.542156,1576561086.542156,1,spi
Partic_RT,1576561175.118156,1576561176.238156,1.1200001239776611,spi
Partic_RC,1576561175.154156,1576561176.154156,1,spi
Partic_MID,1576561175.154156,1576561176.154156,1,spi
Partic_MID,1576561178.106156,1576561179.106156,1,spi
Partic_RC,1576561178.134156,1576561179.134156,1,spi
Partic_LC,1576561178.138156,1576561179.138156,1,spi
Partic_RC,1576561183.422156,1576561184.422156,1,ba
Partic_MID,1576561183.422156,1576561184.422156,1,ba
Partic_MID,1576561216.698156,1576561217.818156,1.119999885559082,spi
Partic_RC,1576561216.758156,1576561217.838156,1.0799999237060547,spi
Partic_RT,1576561216.854156,1576561217.854156,1,spi
Partic_LC,1576561216.858156,1576561217.858156,1,spi
Partic_RC,1576561221.474156,1576561222.474156,1,spi
Partic_MID,1576561221.474156,1576561222.474156,1,spi
Partic_RT,1576561221.506156,1576561222.506156,1,spi
Partic_LC,1576561221.510156,1576561222.510156,1,spi
Partic_RT,1576561292.406156,1576561293.406156,1,spi
Partic_MID,1576561292.462156,1576561293.462156,1,spi
Partic_MID,1576561359.906156,1576561360.906156,1,spi
Partic_LC,1576561359.942156,1576561360.942156,1,spi
Partic_RC,1576561359.942156,1576561360.942156,1,spi
Partic_RT,1576561359.946156,1576561360.946156,1,spi
Partic_LT,1576561359.978156,1576561360.978156,1,spi
Partic_RT,1576561397.990156,1576561398.990156,1,spi
Partic_RC,1576561397.990156,1576561398.990156,1,spi
Partic_MID,1576561397.990156,1576561398.990156,1,spi
Partic_LC,1576561398.114156,1576561399.114156,1,spi
Partic_RC,1576561542.338156,1576561543.498156,1.1600000858306885,spi
Partic_MID,1576561542.338156,1576561543.538156,1.2000000476837158,spi
Partic_RT,1576561542.346156,1576561543.506156,1.1600000858306885,ba
Partic_LC,1576561542.402156,1576561543.402156,1,spi
Partic_RC,1576561945.178156,1576561946.258156,1.0800001621246338,spi
Partic_MID,1576561945.178156,1576561946.258156,1.0800001621246338,spi
Partic_RT,1576561945.182156,1576561946.382156,1.1999998092651367,spi
Partic_LC,1576561945.234156,1576561946.234156,1,spi
Partic_RC,1576561976.354156,1576561977.394156,1.0399999618530273,spi
Partic_MID,1576561976.358156,1576561977.398156,1.0399999618530273,spi
Partic_RT,1576561976.370156,1576561977.370156,1,spi
Partic_LC,1576561976.430156,1576561977.430156,1,spi
Partic_RC,1576562000.850156,1576562001.970156,1.119999885559082,ba
Partic_MID,1576562000.850156,1576562001.970156,1.119999885559082,ba
Partic_LC,1576562000.882156,1576562001.922156,1.0400002002716064,ba
Partic_RT,1576562000.934156,1576562001.974156,1.0399999618530273,spi
Partic_LT,1576562000.970156,1576562001.970156,1,spi
Partic_RT,1576562525.062156,1576562526.422156,1.3600001335144043,ba
Partic_RC,1576562600.738156,1576562601.738156,1,spi
Partic_MID,1576562600.738156,1576562601.738156,1,spi
Partic_RT,1576562600.786156,1576562601.786156,1,spi
Partic_LC,1576562600.802156,1576562601.802156,1,spi
Partic_RC,1576562824.158156,1576562825.238156,1.0800001621246338,ba
Partic_MID,1576562824.158156,1576562825.238156,1.0800001621246338,ba
Partic_LC,1576562824.162156,1576562825.202156,1.0399999618530273,ba
Partic_RC,1576562865.914156,1576562866.954156,1.0399999618530273,spi
Partic_MID,1576562865.914156,1576562866.954156,1.0399999618530273,spi
Partic_LC,1576562865.950156,1576562866.950156,1,spi
Partic_LT,1576562866.014156,1576562867.014156,1,spi
Partic_RT,1576562866.042156,1576562867.042156,1,ba
Partic_RT,1576562874.330156,1576562875.330156,1,spi
Partic_RC,1576562874.398156,1576562875.398156,1,ba
Partic_MID,1576562874.398156,1576562875.398156,1,ba
Partic_RC,1576563158.046156,1576563159.166156,1.1200001239776611,spi
Partic_MID,1576563158.046156,1576563159.126156,1.0800001621246338,spi
Partic_RT,1576563158.122156,1576563159.122156,1,spi
Partic_RC,1576563197.878156,1576563199.118156,1.2400000095367432,spi
Partic_MID,1576563197.878156,1576563199.118156,1.2400000095367432,spi
Partic_RT,1576563197.958156,1576563198.998156,1.0399999618530273,spi
Partic_LC,1576563198.030156,1576563199.190156,1.1600000858306885,spi
Partic_RC,1576563398.182156,1576563399.302156,1.119999885559082,spi
Partic_MID,1576563398.182156,1576563399.262156,1.0799999237060547,spi
Partic_RT,1576563398.226156,1576563399.266156,1.0399999618530273,spi
Partic_LC,1576563398.238156,1576563399.278156,1.0399999618530273,spi
Partic_LT,1576563398.274156,1576563399.274156,1,spi
Partic_RT,1576563462.426156,1576563463.626156,1.2000000476837158,spi
Partic_RC,1576563462.426156,1576563463.506156,1.0799999237060547,spi
Partic_MID,1576563462.426156,1576563463.546156,1.119999885559082,spi
Partic_LC,1576563462.506156,1576563463.506156,1,spi
Partic_RC,1576563573.194156,1576563574.634156,1.440000057220459,spi
Partic_MID,1576563573.198156,1576563574.638156,1.4399998188018799,spi
Partic_RT,1576563573.230156,1576563574.350156,1.1200001239776611,spi
Partic_LC,1576563573.266156,1576563574.626156,1.3600001335144043,spi
Partic_LT,1576563573.374156,1576563574.534156,1.1600000858306885,spi
Partic_RC,1576563629.770156,1576563630.770156,1,ba
Partic_MID,1576563629.770156,1576563630.770156,1,ba
Partic_RT,1576563629.778156,1576563630.778156,1,ba
Partic_RC,1576563749.470156,1576563750.470156,1,ba
Partic_MID,1576563749.474156,1576563750.474156,1,ba
Partic_RC,1576563770.026156,1576563771.026156,1,ba
Partic_MID,1576563770.026156,1576563771.026156,1,ba
Partic_RT,1576563770.030156,1576563771.030156,1,spi
Partic_LC,1576563770.110156,1576563771.110156,1,ba
Partic_MID,1576563820.742156,1576563822.222156,1.4800000190734863,ba
Partic_RC,1576563820.806156,1576563822.206156,1.4000000953674316,ba
Partic_RT,1576563820.870156,1576563822.270156,1.3999998569488525,spi
Partic_LC,1576563820.890156,1576563822.210156,1.3199999332427979,ba
Partic_LT,1576563820.990156,1576563822.190156,1.2000000476837158,ba
Partic_RT,1576563851.094156,1576563852.094156,1,spi
Partic_RT,1576563897.382156,1576563898.382156,1,spi
Partic_RC,1576563897.382156,1576563898.382156,1,spi
Partic_MID,1576563897.382156,1576563898.382156,1,spi
Partic_RT,1576564004.782156,1576564005.982156,1.2000000476837158,spi
Partic_RC,1576564004.810156,1576564006.090156,1.2799999713897705,spi
Partic_MID,1576564004.810156,1576564006.010156,1.1999998092651367,spi
Partic_LC,1576564005.006156,1576564006.086156,1.0799999237060547,spi
Partic_LT,1576564005.046156,1576564006.086156,1.0399999618530273,ba
Partic_RC,1576564085.218156,1576564086.218156,1,spi
Partic_RT,1576564090.222156,1576564091.302156,1.0799999237060547,spi
Partic_RC,1576564300.834156,1576564301.834156,1,spi
Partic_MID,1576564300.834156,1576564301.834156,1,spi
Partic_RT,1576564300.838156,1576564301.838156,1,spi
Partic_RC,1576564504.022156,1576564505.342156,1.3199999332427979,ba
Partic_MID,1576564504.022156,1576564505.342156,1.3199999332427979,ba
Partic_LC,1576564504.026156,1576564505.306156,1.2799999713897705,ba
Partic_RC,1576564759.098156,1576564760.098156,1,art
Partic_MID,1576564759.098156,1576564760.098156,1,art
Partic_RC,1576564761.286156,1576564762.286156,1,art
Partic_MID,1576564761.342156,1576564762.342156,1,art
Partic_LC,1576564761.346156,1576564762.346156,1,art
Partic_LC,1576564859.614156,1576564860.614156,1,spi
Partic_MID,1576564859.614156,1576564860.614156,1,spi
Partic_RC,1576564859.646156,1576564860.686156,1.0399999618530273,spi
Partic_MID,1576564869.954156,1576564870.954156,1,spi
Partic_LC,1576564869.958156,1576564870.958156,1,spi
Partic_RC,1576564946.790156,1576564947.790156,1,ba
Partic_MID,1576564946.818156,1576564947.818156,1,ba
Partic_LC,1576564946.854156,1576564947.854156,1,ba
Partic_MID,1576564981.682156,1576564982.682156,1,spi
Partic_RC,1576564981.766156,1576564982.766156,1,spi
Partic_LC,1576564981.782156,1576564982.782156,1,spi
Partic_RC,1576565003.214156,1576565004.214156,1,ba
Partic_MID,1576565003.214156,1576565004.214156,1,ba
Partic_LC,1576565003.246156,1576565004.246156,1,ba
Partic_RC,1576565008.966156,1576565010.086156,1.119999885559082,ba
Partic_MID,1576565008.966156,1576565010.086156,1.119999885559082,ba
Partic_LC,1576565009.058156,1576565010.058156,1,ba
Partic_RC,1576565030.406156,1576565031.406156,1,ba
Partic_MID,1576565030.406156,1576565031.406156,1,ba
Partic_LC,1576565036.070156,1576565037.390156,1.3199999332427979,ba
Partic_RC,1576565036.078156,1576565037.638156,1.559999942779541,ba
Partic_MID,1576565036.078156,1576565037.638156,1.559999942779541,ba
Partic_LT,1576565036.526156,1576565037.526156,1,spi
Partic_RC,1576565058.066156,1576565059.066156,1,ba
Partic_MID,1576565058.066156,1576565059.066156,1,ba
Partic_RC,1576565116.738156,1576565117.778156,1.0399999618530273,ba
Partic_MID,1576565116.738156,1576565117.738156,1,ba
Partic_LC,1576565116.742156,1576565117.742156,1,ba
Partic_RC,1576565126.278156,1576565127.358156,1.0799999237060547,spi
Partic_MID,1576565126.278156,1576565127.358156,1.0799999237060547,spi
Partic_LC,1576565126.378156,1576565127.378156,1,spi
Partic_RT,1576565126.402156,1576565127.402156,1,spi
Partic_RC,1576565135.566156,1576565136.686156,1.1200001239776611,ba
Partic_MID,1576565135.566156,1576565136.686156,1.1200001239776611,ba
Partic_LC,1576565135.662156,1576565136.662156,1,ba
Partic_RC,1576565137.442156,1576565139.442156,2,ba
Partic_MID,1576565137.450156,1576565139.450156,2,ba
Partic_LC,1576565137.702156,1576565139.702156,2,ba
Partic_RC,1576565271.730156,1576565272.730156,1,ba
Partic_MID,1576565271.730156,1576565272.730156,1,ba
Partic_LC,1576565271.762156,1576565272.762156,1,ba
Partic_RC,1576565318.774156,1576565319.814156,1.0399999618530273,spi
Partic_MID,1576565318.798156,1576565319.798156,1,spi
Partic_LC,1576565318.806156,1576565319.806156,1,spi
Partic_RT,1576565318.870156,1576565319.870156,1,spi
Partic_MID,1576565330.058156,1576565331.058156,1,ba
Partic_RC,1576565330.062156,1576565331.062156,1,ba
Partic_LC,1576565330.094156,1576565331.094156,1,ba
Partic_MID,1576565435.446156,1576565436.446156,1,ba
Partic_RC,1576565435.450156,1576565436.450156,1,ba
Partic_LC,1576565435.514156,1576565436.514156,1,ba
Partic_RC,1576565456.198156,1576565457.358156,1.1599998474121094,ba
Partic_LC,1576565456.218156,1576565457.298156,1.0799999237060547,ba
Partic_MID,1576565456.218156,1576565457.338156,1.119999885559082,ba
Partic_RC,1576565507.710156,1576565509.310156,1.6000001430511475,ba
Partic_MID,1576565507.790156,1576565509.270156,1.4800000190734863,ba
Partic_LC,1576565507.854156,1576565509.174156,1.3199999332427979,ba
Partic_LC,1576565519.810156,1576565521.130156,1.3199999332427979,ba
Partic_RC,1576565519.814156,1576565521.134156,1.3199999332427979,ba
Partic_MID,1576565519.814156,1576565521.134156,1.3199999332427979,ba
Partic_MID,1576565557.566156,1576565558.566156,1,ba
Partic_RC,1576565557.570156,1576565558.570156,1,ba
Partic_LC,1576565557.626156,1576565558.626156,1,ba
Partic_RC,1576565561.506156,1576565562.666156,1.1600000858306885,ba
Partic_MID,1576565561.506156,1576565562.666156,1.1600000858306885,ba
Partic_LC,1576565561.638156,1576565562.638156,1,ba
Partic_RC,1576565584.182156,1576565585.182156,1,ba
Partic_MID,1576565584.182156,1576565585.182156,1,ba
Partic_LC,1576565584.226156,1576565585.226156,1,ba
Partic_RC,1576565816.842156,1576565817.842156,1,spi
Partic_MID,1576565816.842156,1576565817.842156,1,spi
Partic_RC,1576565820.266156,1576565821.466156,1.2000000476837158,ba
Partic_MID,1576565820.270156,1576565821.590156,1.320000171661377,ba
Partic_LC,1576565820.330156,1576565821.450156,1.119999885559082,ba
Partic_RT,1576565820.466156,1576565821.706156,1.2400000095367432,ba
Partic_RC,1576565841.494156,1576565842.494156,1,ba
Partic_RT,1576565841.510156,1576565842.510156,1,ba
Partic_MID,1576565841.510156,1576565842.510156,1,ba
Partic_RC,1576565995.414156,1576565996.414156,1,ba
Partic_MID,1576565995.414156,1576565996.414156,1,ba
Partic_LC,1576565995.486156,1576565996.486156,1,ba
Partic_MID,1576566202.262156,1576566203.262156,1,spi
Partic_RC,1576566202.266156,1576566203.266156,1,spi
Partic_LC,1576566202.302156,1576566203.302156,1,spi
Partic_MID,1576566206.302156,1576566207.302156,1,spi
Partic_RC,1576566206.306156,1576566207.306156,1,spi
Partic_LC,1576566206.374156,1576566207.374156,1,spi
Partic_RT,1576566206.454156,1576566207.454156,1,spi
Partic_RC,1576566279.770156,1576566280.770156,1,ba
Partic_MID,1576566279.774156,1576566280.774156,1,ba
Partic_RT,1576566545.578156,1576566546.578156,1,ba
Partic_LC,1576566558.502156,1576566559.542156,1.0399999618530273,art
Partic_RC,1576566558.502156,1576566559.542156,1.0399999618530273,art
Partic_MID,1576566558.502156,1576566559.542156,1.0399999618530273,art
Partic_RT,1576566558.506156,1576566559.546156,1.0399999618530273,art
Partic_LT,1576566558.570156,1576566559.570156,1,art
Partic_MID,1576566577.830156,1576566578.870156,1.0399999618530273,spi
Partic_RT,1576566577.858156,1576566578.898156,1.0399999618530273,spi
Partic_RC,1576566577.858156,1576566578.898156,1.0399999618530273,spi
Partic_LC,1576566577.926156,1576566578.926156,1,spi
Partic_MID,1576566582.382156,1576566583.382156,1,spi
Partic_RT,1576566582.434156,1576566583.434156,1,spi
Partic_RC,1576566582.434156,1576566583.434156,1,spi
Partic_RC,1576566681.730156,1576566682.730156,1,spi
Partic_MID,1576566681.754156,1576566682.754156,1,spi
Partic_RT,1576566681.782156,1576566682.782156,1,spi
Partic_RC,1576566747.470156,1576566748.470156,1,spi
Partic_MID,1576566747.474156,1576566748.474156,1,spi
Partic_LC,1576566747.546156,1576566748.546156,1,spi
Partic_RC,1576566768.990156,1576566769.990156,1,spi
Partic_MID,1576566768.994156,1576566769.994156,1,spi
Partic_RT,1576566768.998156,1576566770.198156,1.2000000476837158,spi
Partic_LC,1576566769.062156,1576566770.062156,1,spi
Partic_RC,1576566775.422156,1576566776.422156,1,spi
Partic_MID,1576566775.426156,1576566776.426156,1,spi
Partic_RT,1576566862.138156,1576566863.698156,1.5600001811981201,spi
Partic_RC,1576566862.202156,1576566863.482156,1.2799999713897705,spi
Partic_MID,1576566862.202156,1576566863.482156,1.2799999713897705,spi
Partic_LC,1576566862.222156,1576566863.462156,1.2400000095367432,spi
Partic_LT,1576566862.298156,1576566863.578156,1.2799999713897705,spi
Partic_RT,1576566902.798156,1576566903.798156,1,spi
Partic_RC,1576566994.322156,1576566995.322156,1,spi
Partic_MID,1576566994.322156,1576566995.322156,1,spi
Partic_RT,1576566994.410156,1576566995.410156,1,spi
Partic_MID,1576567040.382156,1576567041.582156,1.2000000476837158,spi
Partic_RC,1576567040.386156,1576567041.666156,1.2799999713897705,spi
Partic_LC,1576567040.426156,1576567041.506156,1.0799999237060547,spi
Partic_RT,1576567040.558156,1576567041.598156,1.0399999618530273,spi
Partic_RT,1576567056.886156,1576567058.006156,1.119999885559082,spi
Partic_RC,1576567056.962156,1576567057.962156,1,spi
Partic_MID,1576567056.982156,1576567057.982156,1,spi
Partic_MID,1576567114.290156,1576567115.330156,1.0400002002716064,ba
Partic_RT,1576567114.322156,1576567115.322156,1,ba
Partic_LC,1576567114.362156,1576567115.362156,1,ba
Partic_RC,1576567114.366156,1576567115.366156,1,ba
Partic_RC,1576567153.170156,1576567154.210156,1.0399999618530273,spi
Partic_MID,1576567153.174156,1576567154.214156,1.0399999618530273,spi
Partic_LC,1576567153.178156,1576567154.178156,1,spi
Partic_RT,1576567153.682156,1576567154.682156,1,spi
Partic_RC,1576567238.990156,1576567239.990156,1,spi
Partic_RT,1576567238.994156,1576567239.994156,1,spi
Partic_MID,1576567238.994156,1576567239.994156,1,spi
Partic_RC,1576567331.818156,1576567333.218156,1.4000000953674316,spi
Partic_MID,1576567331.818156,1576567333.178156,1.3599998950958252,spi
Partic_RT,1576567331.846156,1576567332.846156,1,spi
Partic_LC,1576567331.878156,1576567333.158156,1.2799999713897705,spi
Partic_RC,1576567401.106156,1576567402.306156,1.1999998092651367,spi
Partic_MID,1576567401.106156,1576567402.346156,1.239999771118164,spi
Partic_RT,1576567401.158156,1576567402.398156,1.2400000095367432,spi
Partic_LC,1576567401.230156,1576567402.230156,1,spi
Partic_RC,1576567434.314156,1576567435.314156,1,spi
Partic_RT,1576567506.998156,1576567508.198156,1.2000000476837158,spi
Partic_RC,1576567507.006156,1576567508.006156,1,spi
Partic_MID,1576567507.006156,1576567508.006156,1,spi
Partic_LC,1576567507.126156,1576567508.126156,1,spi
Partic_RC,1576567574.158156,1576567575.318156,1.1600000858306885,spi
Partic_MID,1576567574.158156,1576567575.318156,1.1600000858306885,spi
Partic_LC,1576567574.178156,1576567575.218156,1.0400002002716064,spi
Partic_LT,1576567574.246156,1576567575.246156,1,spi
Partic_RT,1576567574.246156,1576567575.246156,1,spi
Partic_RT,1576567652.118156,1576567653.118156,1,spi
Partic_MID,1576567668.674156,1576567669.674156,1,spi
Partic_RC,1576567668.678156,1576567669.678156,1,spi
Partic_LC,1576567668.758156,1576567669.758156,1,spi
Partic_MID,1576567846.110156,1576567847.190156,1.0799999237060547,spi
Partic_RC,1576567846.138156,1576567847.178156,1.0399999618530273,spi
Partic_RT,1576567846.158156,1576567847.158156,1,spi
Partic_LC,1576567846.226156,1576567847.226156,1,spi
Partic_RC,1576567969.226156,1576567970.226156,1,spi
Partic_RT,1576568031.226156,1576568032.226156,1,spi
Partic_RC,1576568036.862156,1576568037.862156,1,spi
Partic_MID,1576568036.862156,1576568037.862156,1,spi
Partic_LC,1576568036.930156,1576568037.930156,1,spi
Partic_RT,1576568036.994156,1576568038.234156,1.2400000095367432,spi
Partic_RC,1576568081.882156,1576568082.882156,1,ba
Partic_MID,1576568081.882156,1576568082.882156,1,ba
Partic_MID,1576568104.318156,1576568105.318156,1,spi
Partic_RC,1576568104.342156,1576568105.342156,1,spi
Partic_LC,1576568104.382156,1576568105.382156,1,spi
Partic_RT,1576568134.090156,1576568135.370156,1.2799999713897705,spi
Partic_RC,1576568134.094156,1576568135.214156,1.119999885559082,spi
Partic_MID,1576568134.094156,1576568135.214156,1.119999885559082,spi
Partic_LC,1576568134.214156,1576568135.214156,1,spi
Partic_LT,1576568134.262156,1576568135.302156,1.0399999618530273,spi
Partic_RT,1576568236.066156,1576568237.226156,1.1600000858306885,spi
Partic_RC,1576568284.450156,1576568285.450156,1,spi
Partic_MID,1576568284.486156,1576568285.486156,1,spi
Partic_RC,1576568419.702156,1576568420.982156,1.2799999713897705,spi
Partic_MID,1576568419.706156,1576568420.866156,1.1600000858306885,spi
Partic_RT,1576568419.730156,1576568420.850156,1.1200001239776611,spi
Partic_LC,1576568419.734156,1576568420.854156,1.1200001239776611,spi
Partic_RT,1576568675.426156,1576568676.426156,1,spi
Partic_RH,1576568675.498156,1576568676.498156,1,spi
Partic_RC,1576568684.914156,1576568685.914156,1,spi
Partic_MID,1576568684.918156,1576568685.918156,1,spi
Partic_LC,1576568684.938156,1576568685.938156,1,spi
Partic_RT,1576568697.382156,1576568698.742156,1.3600001335144043,spi
Partic_RC,1576568697.390156,1576568698.430156,1.0399999618530273,spi
Partic_MID,1576568697.394156,1576568698.474156,1.0799999237060547,spi
Partic_LC,1576568697.542156,1576568698.542156,1,spi
Partic_RT,1576568714.942156,1576568715.942156,1,spi
Partic_RT,1576568724.902156,1576568725.942156,1.0399999618530273,spi
Partic_RC,1576568724.922156,1576568725.922156,1,ba
Partic_MID,1576568724.922156,1576568725.922156,1,ba
Partic_LC,1576568724.934156,1576568725.934156,1,ba
Partic_RT,1576568739.246156,1576568740.246156,1,spi
Partic_RC,1576568745.474156,1576568746.474156,1,spi
Partic_MID,1576568745.474156,1576568746.474156,1,spi
Partic_RT,1576568745.498156,1576568746.498156,1,spi
Partic_RC,1576568896.842156,1576568897.842156,1,spi
Partic_MID,1576568896.842156,1576568897.842156,1,spi
Partic_RT,1576568896.846156,1576568897.846156,1,spi
Partic_RC,1576568954.438156,1576568955.478156,1.0400002002716064,spi
Partic_MID,1576568954.438156,1576568955.478156,1.0400002002716064,spi
Partic_RT,1576568954.442156,1576568955.442156,1,spi
Partic_LC,1576568954.498156,1576568955.498156,1,spi
Partic_LT,1576568954.514156,1576568955.514156,1,spi
Partic_RT,1576569007.642156,1576569008.642156,1,ba
Partic_RC,1576569007.642156,1576569008.642156,1,ba
Partic_MID,1576569007.642156,1576569008.642156,1,ba
Partic_RT,1576569043.498156,1576569044.498156,1,spi
Partic_MID,1576569107.778156,1576569108.778156,1,ba
Partic_RC,1576569107.782156,1576569108.782156,1,ba
Partic_RT,1576569107.790156,1576569108.790156,1,spi
Partic_RC,1576569128.254156,1576569129.254156,1,spi
Partic_MID,1576569128.258156,1576569129.258156,1,spi
Partic_LC,1576569128.314156,1576569129.314156,1,spi
Partic_RC,1576569150.670156,1576569151.670156,1,ba
Partic_MID,1576569150.674156,1576569151.674156,1,ba
Partic_RT,1576569150.682156,1576569151.682156,1,ba
Partic_LC,1576569150.710156,1576569151.710156,1,ba
Partic_RC,1576569171.022156,1576569172.022156,1,ba
Partic_RC,1576569260.586156,1576569261.586156,1,spi
Partic_MID,1576569262.830156,1576569263.830156,1,spi
Partic_RC,1576569262.834156,1576569263.834156,1,spi
Partic_LC,1576569262.842156,1576569263.842156,1,spi
Partic_RC,1576569283.470156,1576569284.470156,1,spi
Partic_MID,1576569283.474156,1576569284.474156,1,spi
Partic_RT,1576569295.590156,1576569296.790156,1.1999998092651367,spi
Partic_RT,1576569358.782156,1576569359.782156,1,spi
Partic_RC,1576569358.786156,1576569359.786156,1,spi
Partic_MID,1576569358.786156,1576569359.786156,1,spi
Partic_RT,1576569416.890156,1576569418.090156,1.2000000476837158,spi
Partic_RC,1576569416.898156,1576569417.978156,1.0800001621246338,spi
Partic_MID,1576569416.898156,1576569417.978156,1.0800001621246338,spi
Partic_LT,1576569416.962156,1576569418.082156,1.119999885559082,spi
Partic_LC,1576569416.962156,1576569418.002156,1.0399999618530273,spi
Partic_RT,1576569424.710156,1576569426.230156,1.5199999809265137,spi
Partic_RC,1576569424.766156,1576569425.966156,1.2000000476837158,spi
Partic_MID,1576569424.766156,1576569425.966156,1.2000000476837158,spi
Partic_LC,1576569424.862156,1576569425.862156,1,spi
Partic_LT,1576569424.890156,1576569425.930156,1.0399999618530273,spi
Partic_RC,1576569457.006156,1576569458.006156,1,ba
Partic_MID,1576569457.070156,1576569458.070156,1,ba
Partic_RT,1576569464.270156,1576569465.270156,1,spi
Partic_RT,1576569603.750156,1576569604.750156,1,spi
Partic_RT,1576569670.938156,1576569672.298156,1.3600001335144043,spi
Partic_MID,1576569670.986156,1576569671.986156,1,spi
Partic_RC,1576569670.990156,1576569671.990156,1,spi
Partic_LC,1576569671.030156,1576569672.030156,1,spi
Partic_LT,1576569671.058156,1576569672.058156,1,spi
Partic_MID,1576569676.310156,1576569677.310156,1,ba
Partic_RC,1576569676.314156,1576569677.314156,1,ba
Partic_LC,1576569676.402156,1576569677.402156,1,ba
Partic_RT,1576569796.170156,1576569797.170156,1,spi
Partic_RC,1576569963.790156,1576569964.790156,1,ba
Partic_MID,1576569963.790156,1576569964.790156,1,ba
Partic_RT,1576569963.806156,1576569964.806156,1,ba
Partic_LC,1576569963.882156,1576569964.882156,1,ba
Partic_RT,1576570036.306156,1576570037.306156,1,spi
Partic_RC,1576570036.398156,1576570037.398156,1,spi
Partic_MID,1576570036.398156,1576570037.398156,1,spi
Partic_RC,1576570046.326156,1576570047.686156,1.3600001335144043,spi
Partic_MID,1576570046.326156,1576570047.686156,1.3600001335144043,spi
Partic_LC,1576570046.390156,1576570047.710156,1.3199999332427979,spi
Partic_RT,1576570046.402156,1576570047.522156,1.119999885559082,spi
Partic_LT,1576570046.438156,1576570047.638156,1.2000000476837158,spi
Partic_RC,1576570063.522156,1576570064.522156,1,spi
Partic_MID,1576570063.522156,1576570064.522156,1,spi
Partic_RC,1576570125.830156,1576570126.830156,1,ba
Partic_MID,1576570125.830156,1576570126.870156,1.0399999618530273,ba
Partic_LC,1576570125.898156,1576570126.898156,1,ba
Partic_RT,1576570125.902156,1576570126.902156,1,spi
Partic_MID,1576570736.446156,1576570737.726156,1.2799999713897705,spi
Partic_RC,1576570736.490156,1576570737.690156,1.2000000476837158,spi
Partic_LC,1576570736.494156,1576570737.654156,1.1600000858306885,spi
Partic_RT,1576570736.606156,1576570737.606156,1,spi
Partic_MID,1576570826.098156,1576570827.098156,1,ba
Partic_RC,1576570826.106156,1576570827.106156,1,ba
Partic_LC,1576570826.162156,1576570827.162156,1,ba
Partic_RT,1576570826.166156,1576570827.286156,1.119999885559082,spi
Partic_LT,1576570826.190156,1576570827.190156,1,spi
Partic_LC,1576570876.522156,1576570877.522156,1,ba
Partic_RC,1576570876.526156,1576570877.526156,1,ba
Partic_MID,1576570876.526156,1576570877.526156,1,ba
Partic_MID,1576570885.162156,1576570886.162156,1,ba
Partic_RC,1576570885.206156,1576570886.206156,1,ba
Partic_LC,1576570885.226156,1576570886.226156,1,ba
Partic_MID,1576570953.882156,1576570954.882156,1,ba
Partic_RC,1576570953.886156,1576570954.886156,1,ba
Partic_LC,1576570953.954156,1576570954.954156,1,ba
Partic_RC,1576571040.522156,1576571041.522156,1,ba
Partic_MID,1576571040.522156,1576571041.562156,1.0399999618530273,ba
Partic_LC,1576571040.526156,1576571041.526156,1,ba
Partic_RT,1576571081.686156,1576571082.686156,1,ba
Partic_RC,1576571081.846156,1576571082.846156,1,ba
Partic_MID,1576571081.846156,1576571082.846156,1,ba
Partic_LC,1576571081.910156,1576571082.910156,1,ba
Partic_RC,1576571087.342156,1576571088.542156,1.2000000476837158,ba
Partic_MID,1576571087.342156,1576571088.542156,1.2000000476837158,ba
Partic_LC,1576571087.346156,1576571088.466156,1.1200001239776611,ba
Partic_RC,1576571138.462156,1576571139.502156,1.0399999618530273,ba
Partic_MID,1576571138.522156,1576571139.522156,1,ba
Partic_LC,1576571138.526156,1576571139.526156,1,ba
Partic_RC,1576571143.214156,1576571144.214156,1,ba
Partic_MID,1576571143.214156,1576571144.214156,1,ba
Partic_LC,1576571143.302156,1576571144.302156,1,ba
Partic_MID,1576571204.402156,1576571205.402156,1,ba
Partic_RC,1576571204.434156,1576571205.434156,1,ba
Partic_LC,1576571204.462156,1576571205.462156,1,ba
Partic_RC,1576571321.814156,1576571322.814156,1,ba
Partic_MID,1576571321.814156,1576571322.814156,1,ba
Partic_LC,1576571321.818156,1576571322.818156,1,ba
Partic_RC,1576571360.982156,1576571362.022156,1.0399999618530273,ba
Partic_LC,1576571361.066156,1576571362.066156,1,ba
Partic_MID,1576571361.070156,1576571362.070156,1,ba
Partic_RC,1576571474.066156,1576571475.106156,1.0400002002716064,spi
Partic_MID,1576571474.066156,1576571475.106156,1.0400002002716064,spi
Partic_LC,1576571474.134156,1576571475.134156,1,spi
Partic_RT,1576571474.142156,1576571475.142156,1,spi
Partic_MID,1576571635.646156,1576571636.646156,1,ba
Partic_RT,1576571820.614156,1576571821.614156,1,spi
Partic_MID,1576571820.678156,1576571821.678156,1,spi
Partic_RC,1576571820.798156,1576571821.798156,1,spi
Partic_RT,1576572087.658156,1576572088.698156,1.0400002002716064,spi
Partic_RC,1576572131.522156,1576572132.522156,1,spi
Partic_MID,1576572131.522156,1576572132.522156,1,spi
Partic_RC,1576572177.470156,1576572178.470156,1,spi
Partic_MID,1576572177.470156,1576572178.470156,1,spi
Partic_RT,1576572177.522156,1576572178.522156,1,spi
Partic_RT,1576572182.286156,1576572183.366156,1.0800001621246338,spi
Partic_RT,1576572242.442156,1576572243.642156,1.1999998092651367,spi
Partic_LT,1576572242.522156,1576572243.602156,1.0799999237060547,spi
Partic_RC,1576572242.526156,1576572243.526156,1,spi
Partic_MID,1576572242.526156,1576572243.566156,1.0399999618530273,spi
Partic_LC,1576572242.574156,1576572243.574156,1,spi
Partic_RT,1576572251.418156,1576572252.418156,1,ba
Partic_MID,1576572251.422156,1576572252.422156,1,spi
Partic_MID,1576572437.438156,1576572438.438156,1,spi
Partic_RC,1576572437.442156,1576572438.442156,1,spi
Partic_LC,1576572437.458156,1576572438.458156,1,spi
Partic_LT,1576572437.498156,1576572438.498156,1,spi
Partic_RT,1576572437.510156,1576572438.790156,1.2799999713897705,spi
Partic_RT,1576572508.062156,1576572509.062156,1,spi
Partic_RC,1576572508.086156,1576572509.086156,1,spi
Partic_MID,1576572508.086156,1576572509.086156,1,spi
Partic_RT,1576572514.802156,1576572516.042156,1.2400000095367432,spi
Partic_RC,1576572514.802156,1576572515.802156,1,spi
Partic_MID,1576572514.802156,1576572515.802156,1,spi
Partic_LC,1576572514.918156,1576572515.918156,1,spi
Partic_RT,1576572524.258156,1576572525.258156,1,spi
Partic_RC,1576572524.262156,1576572525.262156,1,spi
Partic_MID,1576572524.262156,1576572525.262156,1,spi
Partic_LC,1576572524.330156,1576572525.330156,1,spi
Partic_RT,1576572563.362156,1576572564.642156,1.2799999713897705,spi
Partic_MID,1576572563.442156,1576572564.642156,1.1999998092651367,spi
Partic_RC,1576572563.454156,1576572564.614156,1.1600000858306885,spi
Partic_LC,1576572563.546156,1576572564.546156,1,spi
Partic_LC,1576572651.226156,1576572652.346156,1.119999885559082,ba
Partic_MID,1576572651.226156,1576572652.426156,1.2000000476837158,ba
Partic_RC,1576572651.230156,1576572652.430156,1.2000000476837158,ba
Partic_RC,1576572673.194156,1576572674.194156,1,spi
Partic_MID,1576572673.194156,1576572674.194156,1,spi
Partic_LC,1576572673.286156,1576572674.286156,1,spi
Partic_MID,1576572681.906156,1576572683.226156,1.3199999332427979,spi
Partic_RC,1576572681.914156,1576572683.234156,1.3199999332427979,spi
Partic_LC,1576572681.982156,1576572683.222156,1.2400000095367432,spi
Partic_RT,1576572681.986156,1576572683.346156,1.3599998950958252,spi
Partic_LT,1576572681.994156,1576572683.114156,1.1200001239776611,ba
Partic_RC,1576572728.838156,1576572729.838156,1,spi
Partic_MID,1576572728.838156,1576572729.838156,1,spi
Partic_LC,1576572728.874156,1576572729.874156,1,spi
Partic_RT,1576572872.126156,1576572873.126156,1,spi
Partic_MID,1576572872.126156,1576572873.366156,1.2400000095367432,spi
Partic_RC,1576572872.130156,1576572873.370156,1.2400000095367432,spi
Partic_LC,1576572872.238156,1576572873.278156,1.0399999618530273,spi
Partic_RT,1576572893.722156,1576572894.722156,1,ba
Partic_RT,1576572964.698156,1576572965.698156,1,spi
Partic_RT,1576572970.046156,1576572971.046156,1,spi
Partic_RT,1576573002.750156,1576573003.750156,1,spi
Partic_RC,1576573040.614156,1576573041.814156,1.2000000476837158,spi
Partic_MID,1576573040.614156,1576573041.814156,1.2000000476837158,spi
Partic_RT,1576573040.686156,1576573041.686156,1,spi
Partic_LC,1576573040.686156,1576573041.726156,1.0399999618530273,spi
Partic_LT,1576573040.834156,1576573041.834156,1,spi
Partic_RT,1576573093.342156,1576573094.342156,1,spi
Partic_RC,1576573345.242156,1576573346.282156,1.0399999618530273,spi
Partic_MID,1576573345.270156,1576573346.270156,1,spi
Partic_LC,1576573345.310156,1576573346.310156,1,spi
Partic_RC,1576573389.326156,1576573390.486156,1.1600000858306885,spi
Partic_MID,1576573389.326156,1576573390.406156,1.0800001621246338,spi
Partic_RT,1576573389.330156,1576573390.490156,1.1599998474121094,spi
Partic_LC,1576573389.338156,1576573390.418156,1.0799999237060547,spi
Partic_RT,1576573399.738156,1576573401.098156,1.3599998950958252,spi
Partic_MID,1576573547.830156,1576573548.830156,1,spi
Partic_RC,1576573547.834156,1576573548.834156,1,spi
Partic_LC,1576573547.842156,1576573548.842156,1,spi
Partic_RT,1576573547.926156,1576573548.926156,1,spi
Partic_MID,1576573557.226156,1576573558.266156,1.0399999618530273,spi
Partic_RC,1576573557.266156,1576573558.266156,1,spi
Partic_RT,1576573557.298156,1576573558.418156,1.119999885559082,spi
Partic_LC,1576573557.298156,1576573558.298156,1,spi
Partic_RC,1576573562.282156,1576573563.282156,1,spi
Partic_MID,1576573562.282156,1576573563.282156,1,spi
Partic_RT,1576573562.398156,1576573563.398156,1,spi
Partic_LC,1576573562.402156,1576573563.402156,1,spi
Partic_RC,1576573571.530156,1576573572.530156,1,spi
Partic_MID,1576573571.530156,1576573572.530156,1,spi
Partic_RT,1576573611.174156,1576573612.174156,1,spi
Partic_RC,1576573611.178156,1576573612.178156,1,spi
Partic_MID,1576573611.178156,1576573612.178156,1,spi
Partic_LC,1576573611.182156,1576573612.182156,1,spi
Partic_MID,1576573666.038156,1576573667.038156,1,spi
Partic_RC,1576573666.086156,1576573667.086156,1,spi
Partic_RC,1576573735.942156,1576573736.942156,1,spi
Partic_MID,1576573735.942156,1576573736.942156,1,spi
Partic_LC,1576573736.014156,1576573737.014156,1,spi
Partic_RT,1576573736.082156,1576573737.082156,1,spi
Partic_RC,1576573766.194156,1576573767.714156,1.5199999809265137,spi
Partic_MID,1576573766.194156,1576573767.714156,1.5199999809265137,spi
Partic_LC,1576573766.202156,1576573767.682156,1.4800000190734863,spi
Partic_RT,1576573766.418156,1576573767.418156,1,spi
Partic_LT,1576573766.454156,1576573767.454156,1,spi
Partic_RC,1576573773.914156,1576573774.914156,1,spi
Partic_MID,1576573773.914156,1576573774.914156,1,spi
Partic_RT,1576573773.922156,1576573774.922156,1,spi
Partic_RT,1576573822.334156,1576573823.414156,1.0799999237060547,spi
Partic_LC,1576573892.214156,1576573893.214156,1,ba
Partic_RC,1576573892.214156,1576573893.214156,1,ba
Partic_MID,1576573892.214156,1576573893.214156,1,ba
Partic_RC,1576573921.014156,1576573922.414156,1.3999998569488525,spi
Partic_MID,1576573921.070156,1576573922.390156,1.3199999332427979,spi
Partic_RT,1576573921.126156,1576573922.406156,1.2799999713897705,spi
Partic_LC,1576573921.170156,1576573922.410156,1.2400000095367432,spi
Partic_LT,1576573921.198156,1576573922.318156,1.119999885559082,ba
Partic_RT,1576573954.866156,1576573955.866156,1,spi
Partic_RC,1576573954.866156,1576573955.866156,1,spi
Partic_MID,1576573954.866156,1576573955.866156,1,spi
Partic_RT,1576574022.606156,1576574023.806156,1.1999998092651367,spi
Partic_RC,1576574022.610156,1576574023.850156,1.2400000095367432,spi
Partic_MID,1576574022.638156,1576574023.798156,1.1600000858306885,spi
Partic_LC,1576574022.674156,1576574023.794156,1.1200001239776611,spi
Partic_LT,1576574022.810156,1576574023.810156,1,ba
Partic_RC,1576574042.054156,1576574043.054156,1,spi
Partic_MID,1576574042.058156,1576574043.058156,1,spi
Partic_RT,1576574042.094156,1576574043.094156,1,spi
Partic_LC,1576574042.126156,1576574043.126156,1,spi
Partic_RC,1576574050.942156,1576574052.022156,1.0799999237060547,ba
Partic_MID,1576574050.942156,1576574052.022156,1.0799999237060547,ba
Partic_LC,1576574050.950156,1576574052.030156,1.0799999237060547,ba
Partic_RT,1576574051.114156,1576574052.114156,1,ba
Partic_MID,1576574105.714156,1576574106.714156,1,spi
Partic_RC,1576574105.718156,1576574106.718156,1,spi
Partic_MID,1576574210.578156,1576574211.578156,1,spi
Partic_RC,1576574210.582156,1576574211.622156,1.0399999618530273,spi
Partic_LC,1576574210.678156,1576574211.678156,1,spi
Partic_RC,1576574217.814156,1576574218.814156,1,spi
Partic_MID,1576574217.834156,1576574218.834156,1,spi
Partic_LC,1576574217.902156,1576574218.902156,1,spi
Partic_RT,1576574217.962156,1576574218.962156,1,spi
Partic_RT,1576574250.438156,1576574251.518156,1.0800001621246338,spi
Partic_RC,1576574494.642156,1576574495.642156,1,ba
Partic_MID,1576574494.642156,1576574495.642156,1,ba
Partic_RT,1576574692.018156,1576574693.018156,1,spi
Partic_RC,1576574692.042156,1576574693.042156,1,spi
Partic_MID,1576574692.042156,1576574693.042156,1,spi
Partic_RC,1576574701.958156,1576574702.958156,1,ba
Partic_MID,1576574701.958156,1576574702.958156,1,ba
Partic_RT,1576574770.190156,1576574771.190156,1,spi
Partic_RT,1576574775.682156,1576574776.682156,1,spi
Partic_MID,1576574775.682156,1576574776.682156,1,spi
Partic_RC,1576574775.686156,1576574776.686156,1,spi
Partic_LC,1576574775.766156,1576574776.766156,1,spi
Partic_RC,1576574828.578156,1576574829.578156,1,art
Partic_MID,1576574828.578156,1576574829.578156,1,art
Partic_RC,1576574948.870156,1576574949.870156,1,art
Partic_MID,1576574948.870156,1576574949.870156,1,art
Partic_RT,1576574948.914156,1576574949.914156,1,spi
Partic_RT,1576575010.350156,1576575011.390156,1.0399999618530273,spi
Partic_RC,1576575010.350156,1576575011.350156,1,art
Partic_MID,1576575010.350156,1576575011.350156,1,art
Partic_RT,1576575036.926156,1576575037.926156,1,spi
Partic_RC,1576575080.214156,1576575081.214156,1,spi
Partic_MID,1576575080.226156,1576575081.226156,1,spi
Partic_MID,1576575128.366156,1576575129.366156,1,spi
Partic_LC,1576575128.406156,1576575129.406156,1,spi
Partic_RC,1576575128.406156,1576575129.406156,1,spi
Partic_RT,1576575128.474156,1576575129.474156,1,spi
Partic_RC,1576575617.586156,1576575618.586156,1,spi
Partic_MID,1576575617.586156,1576575618.586156,1,spi
Partic_RT,1576575660.754156,1576575661.754156,1,spi
Partic_RC,1576575660.758156,1576575661.758156,1,spi
Partic_MID,1576575660.758156,1576575661.758156,1,spi
Partic_RT,1576575722.734156,1576575723.734156,1,spi
Partic_RC,1576575983.434156,1576575984.834156,1.4000000953674316,spi
Partic_MID,1576575983.434156,1576575984.754156,1.320000171661377,spi
Partic_LC,1576575983.462156,1576575984.742156,1.2799999713897705,spi
Partic_LT,1576575983.558156,1576575984.558156,1,spi
Partic_RT,1576575983.562156,1576575984.562156,1,spi
Partic_MID,1576575987.618156,1576575988.618156,1,spi
Partic_RC,1576575987.622156,1576575988.622156,1,spi
Partic_LC,1576575987.626156,1576575988.626156,1,spi
Partic_MID,1576576077.586156,1576576078.586156,1,ba
Partic_RC,1576576077.590156,1576576078.590156,1,ba
Partic_RC,1576576170.894156,1576576171.894156,1,art
Partic_MID,1576576170.894156,1576576171.894156,1,art
Partic_RC,1576576258.866156,1576576259.866156,1,art
Partic_MID,1576576258.866156,1576576259.866156,1,art
Partic_RC,1576576594.766156,1576576596.206156,1.440000057220459,art
Partic_MID,1576576594.766156,1576576596.206156,1.440000057220459,art
Partic_LC,1576576594.782156,1576576595.982156,1.2000000476837158,art
Partic_RC,1576577450.802156,1576577451.802156,1,spi
Partic_MID,1576577450.802156,1576577451.802156,1,spi
Partic_RC,1576577620.358156,1576577621.358156,1,spi
Partic_MID,1576577620.362156,1576577621.362156,1,spi
Partic_RC,1576577705.470156,1576577706.470156,1,spi
Partic_MID,1576577705.474156,1576577706.474156,1,spi
Partic_RC,1576578021.966156,1576578022.966156,1,spi
Partic_RT,1576578021.970156,1576578022.970156,1,spi
Partic_MID,1576578021.970156,1576578022.970156,1,spi
Partic_RT,1576578078.102156,1576578079.262156,1.1600000858306885,spi
Partic_RC,1576578078.102156,1576578079.262156,1.1600000858306885,spi
Partic_MID,1576578078.102156,1576578079.262156,1.1600000858306885,spi
Partic_LT,1576578078.202156,1576578079.242156,1.0399999618530273,spi
Partic_LC,1576578078.278156,1576578079.278156,1,spi
Partic_RC,1576578095.338156,1576578096.338156,1,spi
Partic_MID,1576578095.338156,1576578096.338156,1,spi
Partic_RT,1576578182.666156,1576578183.666156,1,ba
Partic_RC,1576578182.670156,1576578183.670156,1,spi
Partic_MID,1576578182.674156,1576578183.674156,1,spi
Partic_RC,1576578350.302156,1576578351.342156,1.0399999618530273,spi
Partic_MID,1576578350.302156,1576578351.342156,1.0399999618530273,spi
Partic_RT,1576578350.366156,1576578351.366156,1,spi
Partic_LC,1576578350.370156,1576578351.410156,1.0399999618530273,spi
Partic_RT,1576578485.374156,1576578486.414156,1.0399999618530273,spi
Partic_RT,1576578544.994156,1576578545.994156,1,spi
Partic_RC,1576578651.342156,1576578652.342156,1,spi
Partic_MID,1576578651.342156,1576578652.342156,1,spi
Partic_RT,1576578651.346156,1576578652.346156,1,spi
Partic_RC,1576578717.190156,1576578718.190156,1,spi
Partic_MID,1576578717.190156,1576578718.190156,1,spi
Partic_RC,1576578781.386156,1576578782.466156,1.0799999237060547,ba
Partic_MID,1576578781.394156,1576578782.434156,1.0399999618530273,ba
Partic_LC,1576578781.470156,1576578782.470156,1,ba
Partic_RT,1576578824.430156,1576578825.430156,1,spi
Partic_MID,1576578861.410156,1576578862.450156,1.0399999618530273,spi
Partic_RC,1576578861.414156,1576578862.454156,1.0399999618530273,spi
Partic_RT,1576578861.430156,1576578862.430156,1,spi
Partic_LC,1576578861.430156,1576578862.430156,1,spi
Partic_MID,1576578902.242156,1576578903.242156,1,spi
Partic_RT,1576578902.246156,1576578903.246156,1,spi
Partic_RC,1576578902.246156,1576578903.246156,1,spi
Partic_RT,1576579004.678156,1576579005.918156,1.2400000095367432,spi
Partic_MID,1576579004.858156,1576579005.858156,1,spi
Partic_RC,1576579004.862156,1576579005.862156,1,spi
Partic_LC,1576579004.918156,1576579005.918156,1,spi
Partic_RC,1576579084.674156,1576579085.674156,1,spi
Partic_MID,1576579084.674156,1576579085.674156,1,spi
Partic_RT,1576579084.678156,1576579085.718156,1.0400002002716064,spi
Partic_RT,1576579107.390156,1576579108.430156,1.0399999618530273,spi
Partic_MID,1576579107.406156,1576579108.406156,1,spi
Partic_RC,1576579107.438156,1576579108.438156,1,spi
Partic_LC,1576579107.486156,1576579108.486156,1,spi
Partic_RC,1576579174.722156,1576579175.722156,1,spi
Partic_MID,1576579174.722156,1576579175.722156,1,spi
Partic_LC,1576579174.798156,1576579175.798156,1,spi
Partic_RC,1576579312.866156,1576579313.946156,1.0799999237060547,spi
Partic_MID,1576579312.866156,1576579313.946156,1.0799999237060547,spi
Partic_LC,1576579312.930156,1576579313.970156,1.0399999618530273,spi
Partic_MID,1576579330.646156,1576579331.686156,1.0399999618530273,spi
Partic_RC,1576579330.714156,1576579331.714156,1,spi
Partic_LC,1576579330.722156,1576579331.722156,1,spi
Partic_RT,1576579436.154156,1576579437.154156,1,spi
Partic_RC,1576579513.270156,1576579514.270156,1,ba
Partic_MID,1576579634.810156,1576579635.810156,1,ba
Partic_RC,1576579634.814156,1576579635.814156,1,ba
Partic_RT,1576579634.874156,1576579635.874156,1,ba
Partic_LC,1576579660.158156,1576579661.158156,1,ba
Partic_RC,1576579660.158156,1576579661.358156,1.2000000476837158,ba
Partic_MID,1576579660.158156,1576579661.318156,1.1600000858306885,ba
Partic_RC,1576579680.022156,1576579681.022156,1,spi
Partic_MID,1576579680.022156,1576579681.022156,1,spi
Partic_RC,1576579729.170156,1576579730.170156,1,spi
Partic_MID,1576579729.170156,1576579730.170156,1,spi
Partic_MID,1576579835.086156,1576579836.286156,1.2000000476837158,spi
Partic_RC,1576579835.090156,1576579836.290156,1.1999998092651367,spi
Partic_RT,1576579835.130156,1576579836.290156,1.1599998474121094,spi
Partic_LC,1576579835.158156,1576579836.278156,1.1200001239776611,spi
Partic_LT,1576579835.230156,1576579836.310156,1.0800001621246338,ba
Partic_RC,1576579859.730156,1576579860.730156,1,spi
Partic_MID,1576579859.738156,1576579860.738156,1,spi
Partic_RT,1576580117.242156,1576580118.282156,1.0399999618530273,spi
Partic_MID,1576580117.258156,1576580118.258156,1,spi
Partic_RC,1576580117.310156,1576580118.310156,1,spi
Partic_LC,1576580120.962156,1576580121.962156,1,spi
Partic_RC,1576580120.970156,1576580122.010156,1.0399999618530273,spi
Partic_MID,1576580120.970156,1576580122.010156,1.0399999618530273,spi
Partic_RT,1576580121.102156,1576580122.102156,1,spi
Partic_RC,1576580155.362156,1576580156.362156,1,spi
Partic_MID,1576580155.366156,1576580156.366156,1,spi
Partic_RT,1576580171.030156,1576580172.030156,1,spi
Partic_RC,1576580171.058156,1576580172.058156,1,spi
Partic_MID,1576580171.058156,1576580172.058156,1,spi
Partic_LT,1576580171.098156,1576580172.098156,1,spi
Partic_LC,1576580171.146156,1576580172.146156,1,spi
Partic_RC,1576580175.998156,1576580176.998156,1,spi
Partic_MID,1576580175.998156,1576580176.998156,1,spi
Partic_RT,1576580176.022156,1576580177.022156,1,spi
Partic_LC,1576580176.030156,1576580177.030156,1,spi
Partic_RC,1576580288.162156,1576580289.362156,1.1999998092651367,spi
Partic_MID,1576580288.178156,1576580289.378156,1.2000000476837158,spi
Partic_LC,1576580288.186156,1576580289.306156,1.119999885559082,spi
Partic_RT,1576580288.306156,1576580289.306156,1,spi
Partic_RC,1576580298.934156,1576580299.934156,1,spi
Partic_MID,1576580298.938156,1576580299.938156,1,spi
Partic_LC,1576580335.122156,1576580336.482156,1.3600001335144043,spi
Partic_RC,1576580335.122156,1576580336.482156,1.3600001335144043,spi
Partic_MID,1576580335.126156,1576580336.486156,1.3599998950958252,spi
Partic_LT,1576580335.250156,1576580336.330156,1.0800001621246338,ba
Partic_RT,1576580335.250156,1576580336.410156,1.1600000858306885,spi
Partic_RC,1576580593.158156,1576580594.158156,1,art
Partic_MID,1576580593.186156,1576580594.186156,1,art
Partic_RT,1576580593.210156,1576580594.210156,1,ba
Partic_LC,1576580593.238156,1576580594.238156,1,art
Partic_RT,1576580604.358156,1576580605.358156,1,spi
Partic_RT,1576580642.958156,1576580643.958156,1,spi
Partic_MID,1576580642.966156,1576580643.966156,1,spi
Partic_RC,1576580642.970156,1576580643.970156,1,spi
Partic_LC,1576580643.066156,1576580644.066156,1,spi
Partic_LC,1576580654.090156,1576580655.090156,1,spi
Partic_RC,1576580654.090156,1576580655.090156,1,spi
Partic_MID,1576580654.090156,1576580655.090156,1,spi
Partic_RC,1576580875.242156,1576580876.242156,1,spi
Partic_MID,1576580875.242156,1576580876.242156,1,spi
Partic_LC,1576580875.282156,1576580876.282156,1,spi
Partic_RT,1576580875.322156,1576580876.322156,1,spi
Partic_RT,1576580879.246156,1576580880.446156,1.2000000476837158,spi
Partic_RC,1576580879.270156,1576580880.270156,1,spi
Partic_MID,1576580879.270156,1576580880.310156,1.0400002002716064,spi
Partic_LC,1576580879.338156,1576580880.338156,1,spi
Partic_RC,1576580884.178156,1576580885.178156,1,spi
Partic_MID,1576580884.182156,1576580885.182156,1,spi
Partic_RT,1576580930.610156,1576580931.610156,1,spi
Partic_MID,1576580930.674156,1576580931.674156,1,spi
Partic_RC,1576580930.698156,1576580931.698156,1,spi
Partic_RT,1576580950.926156,1576580951.926156,1,spi
Partic_MID,1576580950.950156,1576580951.950156,1,spi
Partic_RC,1576580950.954156,1576580951.954156,1,spi
Partic_RT,1576581001.798156,1576581003.038156,1.2400000095367432,spi
Partic_MID,1576581001.838156,1576581003.038156,1.2000000476837158,spi
Partic_RC,1576581001.870156,1576581003.030156,1.1599998474121094,spi
Partic_LT,1576581001.986156,1576581003.026156,1.0399999618530273,spi
Partic_LC,1576581001.990156,1576581003.030156,1.0399999618530273,spi
Partic_RC,1576581012.766156,1576581014.246156,1.4800000190734863,spi
Partic_MID,1576581012.766156,1576581014.246156,1.4800000190734863,spi
Partic_RT,1576581012.814156,1576581014.254156,1.440000057220459,spi
Partic_LC,1576581012.822156,1576581014.142156,1.3199999332427979,spi
Partic_LT,1576581012.870156,1576581014.190156,1.3199999332427979,spi
Partic_RC,1576581030.190156,1576581031.190156,1,ba
Partic_MID,1576581030.190156,1576581031.190156,1,ba
Partic_RT,1576581030.250156,1576581031.250156,1,spi
Partic_LC,1576581030.250156,1576581031.250156,1,ba
Partic_RT,1576581177.286156,1576581178.286156,1,spi
Partic_MID,1576581177.334156,1576581178.334156,1,art
Partic_RC,1576581177.338156,1576581178.338156,1,art
Partic_RC,1576581218.294156,1576581219.294156,1,art
Partic_MID,1576581218.298156,1576581219.298156,1,art
Partic_RT,1576581236.598156,1576581237.718156,1.1200001239776611,art
Partic_LT,1576581236.698156,1576581237.698156,1,art
Partic_RC,1576581289.106156,1576581290.146156,1.0399999618530273,spi
Partic_MID,1576581289.106156,1576581290.146156,1.0399999618530273,spi
Partic_LC,1576581289.110156,1576581290.110156,1,spi
Partic_RT,1576581289.202156,1576581290.202156,1,spi
Partic_RT,1576581303.626156,1576581304.626156,1,spi
Partic_RC,1576581303.630156,1576581304.630156,1,spi
Partic_MID,1576581303.630156,1576581304.630156,1,spi
Partic_RC,1576581333.494156,1576581334.494156,1,spi
Partic_MID,1576581333.494156,1576581334.494156,1,spi
Partic_RC,1576581510.410156,1576581511.410156,1,spi
Partic_MID,1576581510.466156,1576581511.466156,1,spi
Partic_MID,1576581596.618156,1576581597.618156,1,spi
Partic_LC,1576581596.622156,1576581597.622156,1,spi
Partic_RC,1576581596.622156,1576581597.622156,1,spi
Partic_RT,1576581646.282156,1576581647.282156,1,art
Partic_RT,1576581662.286156,1576581663.286156,1,spi
Partic_RT,1576581678.830156,1576581679.830156,1,spi
Partic_RT,1576581686.006156,1576581687.006156,1,spi
Partic_RC,1576581686.042156,1576581687.042156,1,spi
Partic_MID,1576581686.062156,1576581687.062156,1,spi
Partic_MID,1576581694.830156,1576581695.870156,1.0399999618530273,ba
Partic_RC,1576581694.834156,1576581695.874156,1.0399999618530273,ba
Partic_LC,1576581694.914156,1576581695.914156,1,ba
Partic_MID,1576584694.802156,1576584695.802156,1,art
Partic_RC,1576584694.806156,1576584695.806156,1,art
Partic_LC,1576584694.822156,1576584695.862156,1.0399999618530273,art
Partic_LT,1576584694.870156,1576584695.910156,1.0399999618530273,art
Partic_RC,1576584719.686156,1576584720.686156,1,art
Partic_MID,1576584719.686156,1576584720.686156,1,art
Partic_LC,1576584757.182156,1576584758.542156,1.3599998950958252,art
Partic_MID,1576584757.214156,1576584758.574156,1.3600001335144043,art
Partic_RC,1576584757.254156,1576584758.574156,1.3199999332427979,art
Partic_LC,1576585162.554156,1576585163.554156,1,ba
Partic_MID,1576585162.590156,1576585163.590156,1,ba
Partic_RC,1576585162.598156,1576585163.598156,1,ba
Partic_LT,1576585162.630156,1576585163.630156,1,ba
Partic_RC,1576585219.262156,1576585220.342156,1.0799999237060547,art
Partic_MID,1576585219.266156,1576585220.386156,1.1200001239776611,art
Partic_LC,1576585219.422156,1576585220.422156,1,art
Partic_RT,1576585897.758156,1576585898.758156,1,art
Partic_LC,1576585916.650156,1576585917.650156,1,art
Partic_RC,1576586685.330156,1576586686.330156,1,art
Partic_MID,1576586685.330156,1576586686.330156,1,art
Partic_RT,1576589128.934156,1576589129.934156,1,art
Partic_RC,1576589128.946156,1576589129.946156,1,art
Partic_MID,1576589128.950156,1576589129.950156,1,art
Partic_RT,1576589618.434156,1576589619.434156,1,art
Partic_RT,1576589697.582156,1576589698.582156,1,art
Partic_RC,1576589927.726156,1576589928.726156,1,ba
Partic_MID,1576589927.726156,1576589928.726156,1,ba
Partic_LC,1576589927.942156,1576589928.942156,1,ba
Partic_MID,1576589983.546156,1576589984.546156,1,ba
Partic_RC,1576589983.602156,1576589984.602156,1,ba
Partic_RT,1576590197.726156,1576590198.726156,1,art
Partic_LC,1576590610.238156,1576590611.278156,1.0399999618530273,art
Partic_RC,1576590610.238156,1576590611.278156,1.0399999618530273,art
Partic_MID,1576590610.238156,1576590611.278156,1.0399999618530273,art
Partic_RT,1576591556.454156,1576591557.654156,1.2000000476837158,art
Partic_LT,1576591556.594156,1576591557.594156,1,art
Partic_LC,1576592092.418156,1576592093.418156,1,art
Partic_RT,1576592166.786156,1576592167.786156,1,art
Partic_RC,1576594220.462156,1576594221.462156,1,ba
Partic_MID,1576594220.462156,1576594221.462156,1,ba
Partic_RT,1576594720.738156,1576594721.818156,1.0799999237060547,art
Partic_MID,1576597129.226156,1576597130.266156,1.0399999618530273,ba
Partic_LC,1576597129.290156,1576597130.370156,1.0800001621246338,ba
Partic_RC,1576597129.290156,1576597130.370156,1.0800001621246338,ba
Partic_LC,1576597195.162156,1576597196.402156,1.2400000095367432,art
Partic_MID,1576597195.334156,1576597196.374156,1.0399999618530273,art
Partic_RC,1576597195.338156,1576597196.378156,1.0399999618530273,art
Partic_LT,1576597889.442156,1576597890.682156,1.2400000095367432,art
Partic_LC,1576597889.502156,1576597890.542156,1.0399999618530273,art
Partic_MID,1576597889.502156,1576597890.542156,1.0399999618530273,art
Partic_RC,1576597889.626156,1576597890.626156,1,art
Partic_RC,1576599932.002156,1576599933.202156,1.2000000476837158,art
Partic_MID,1576599932.014156,1576599933.174156,1.1599998474121094,art
Partic_LC,1576599932.094156,1576599933.174156,1.0799999237060547,art
Partic_MID,1576599997.178156,1576599998.178156,1,art
Partic_RC,1576599997.182156,1576599998.182156,1,art
Partic_LC,1576599997.202156,1576599998.202156,1,art
Partic_MID,1576600398.718156,1576600399.718156,1,art
Partic_MID,1576601528.870156,1576601530.230156,1.3599998950958252,art
Partic_RC,1576601528.874156,1576601530.274156,1.4000000953674316,art
Partic_LC,1576601528.938156,1576601530.298156,1.3600001335144043,art
Partic_LT,1576601529.034156,1576601530.274156,1.2400000095367432,ba
Partic_RT,1576601529.038156,1576601530.198156,1.1600000858306885,ba
Partic_MID,1576601652.274156,1576601653.274156,1,art
Partic_RT,1576601652.338156,1576601653.378156,1.0399999618530273,art
Partic_RT,1576601688.122156,1576601689.122156,1,art
Partic_RT,1576602570.286156,1576602571.286156,1,ba
Partic_LC,1576602605.350156,1576602606.510156,1.1599998474121094,art
Partic_MID,1576602605.502156,1576602606.502156,1,art
Partic_RC,1576602605.594156,1576602606.594156,1,art
Partic_RT,1576602892.490156,1576602893.490156,1,ba
Partic_RC,1576602990.422156,1576602991.422156,1,art
Partic_MID,1576602990.422156,1576602991.422156,1,art
Partic_RT,1576602990.482156,1576602991.482156,1,art
Partic_MID,1576603363.430156,1576603364.430156,1,art
Partic_LT,1576603363.474156,1576603364.474156,1,ba
Partic_RC,1576603363.478156,1576603364.478156,1,art
Partic_RT,1576603363.486156,1576603364.486156,1,ba
Partic_LC,1576603363.502156,1576603364.502156,1,art
Partic_MID,1576603454.010156,1576603455.010156,1,art
Partic_LC,1576603454.046156,1576603455.046156,1,art
Partic_MID,1576603718.466156,1576603719.466156,1,ba
Partic_RC,1576603718.470156,1576603719.470156,1,ba
Partic_RC,1576604277.546156,1576604278.546156,1,art
Partic_MID,1576604277.546156,1576604278.546156,1,art
Partic_LC,1576604277.578156,1576604278.578156,1,art
Partic_RC,1576605080.586156,1576605081.586156,1,art
Partic_MID,1576605080.586156,1576605081.586156,1,art
Partic_RT,1576605755.494156,1576605756.494156,1,art
Partic_RC,1576605755.526156,1576605756.526156,1,art
Partic_MID,1576605755.526156,1576605756.526156,1,art
Partic_LT,1576605755.530156,1576605756.530156,1,art
Partic_LC,1576606029.842156,1576606030.962156,1.1200001239776611,art
Partic_MID,1576606127.022156,1576606128.022156,1,art
Partic_RC,1576606127.026156,1576606128.026156,1,art
Partic_RT,1576606127.034156,1576606128.034156,1,ba
Partic_RC,1576607475.002156,1576607476.082156,1.0799999237060547,art
Partic_MID,1576607475.002156,1576607476.002156,1,art
Partic_LC,1576607771.422156,1576607772.542156,1.119999885559082,ba
Partic_RC,1576607771.426156,1576607772.546156,1.119999885559082,ba
Partic_MID,1576607771.426156,1576607772.466156,1.0399999618530273,ba
Partic_LT,1576607771.674156,1576607772.674156,1,ba
Partic_LC,1576608184.378156,1576608185.378156,1,art
Partic_RC,1576608184.382156,1576608185.382156,1,art
Partic_MID,1576608184.382156,1576608185.382156,1,art
Partic_LC,1576608274.394156,1576608275.394156,1,art
Partic_RC,1576608274.398156,1576608275.398156,1,art
Partic_MID,1576608274.398156,1576608275.398156,1,art
Partic_RC,1576610033.314156,1576610034.314156,1,art
Partic_MID,1576610033.314156,1576610034.314156,1,art
Partic_LC,1576610033.350156,1576610034.350156,1,art
Partic_MID,1576610610.922156,1576610611.922156,1,art
Partic_LC,1576610610.926156,1576610611.926156,1,art
Partic_RC,1576610610.934156,1576610611.934156,1,art
Partic_LT,1576610611.010156,1576610612.010156,1,art
Partic_RT,1576610772.862156,1576610773.862156,1,ba
Partic_RC,1576610772.866156,1576610773.866156,1,art
Partic_MID,1576610772.898156,1576610773.898156,1,art
Partic_LT,1576611037.622156,1576611038.622156,1,ba
Partic_RC,1576611037.622156,1576611038.622156,1,ba
Partic_LC,1576612426.430156,1576612427.470156,1.0399999618530273,art
Partic_RC,1576612426.430156,1576612427.430156,1,art
Partic_MID,1576612426.430156,1576612427.430156,1,art
Partic_RT,1576613074.542156,1576613075.542156,1,art
Partic_MID,1576613462.910156,1576613463.910156,1,art
Partic_LT,1576613462.966156,1576613463.966156,1,ba
Partic_RC,1576613462.966156,1576613463.966156,1,art
Partic_LC,1576613462.974156,1576613463.974156,1,art
Partic_MID,1576613919.970156,1576613920.970156,1,art
Partic_RC,1576613920.006156,1576613921.006156,1,art
Partic_RT,1576613920.034156,1576613921.034156,1,art
Partic_RC,1576613977.478156,1576613978.478156,1,art
Partic_MID,1576613977.478156,1576613978.478156,1,art
Partic_RC,1576615631.966156,1576615632.966156,1,art
Partic_MID,1576615631.966156,1576615632.966156,1,art
Partic_MID,1576616078.918156,1576616079.918156,1,art
Partic_RC,1576616078.922156,1576616079.922156,1,art
Partic_LC,1576616078.930156,1576616079.930156,1,art
